Introduction	6.409390936137702
TRPM8	0.39641422000953014
channel	0.3716674973908619
migration	0.14866699895634478
TCAF1	0.11560914771667534
activity	0.11028802218134703
TCAF1	0.17934239581689382
TCAF2	0.15864098755900652
TCAF2	0.15864098755900652
TCAF2	0.15864098755900652
missing	0.11956159721126254
TCAF	0.13022968652028397
TCAF	0.13022968652028397
well	0.12485883592147146
well	0.12485883592147146
selection	0.11505090035200244
Results	5.824428435416546
Diversity	1.058484419448243
primates	0.8838569306858934
primates	0.8838569306858934
primates	0.8838569306858934
nonhuman	0.7907031168887944
copy	0.19717051383572
copy	0.19717051383572
nonhuman	0.18048658102896392
Fig. 1b	0.1610737160029935
Fig. 1b	0.1610737160029935
copy	0.4001401604313142
copy	0.4001401604313142
differentiation	0.3268848942413692
differentiation	0.3268848942413692
Fig. 1b	0.21792326282757946
samples	0.25992400664812476
samples	0.25992400664812476
samples	0.25992400664812476
samples	0.25992400664812476
introgression	0.2398494249829029
Characterization	2.2485883592147147
diversity	1.2267226489021297
diversity	1.2267226489021297
diversity	1.2267226489021297
haplotype	1.2061071088541364
long-read	0.2118230267292538
well	0.15855090275742406
well	0.15855090275742406
monkey	0.14276751487077552
macaque	0.14276751487077552
Haplogroup	0.30888631017531093
Haplogroup	0.30888631017531093
cassette	0.2528079555491154
cassette	0.2528079555491154
carry	0.24117200031222275
Haplogroup	0.6630404416694176
Haplogroup	0.6630404416694176
Haplogroups	0.23008363248177569
Haplogroups	0.23008363248177569
Data 3	0.20675051991876356
breakpoints	0.38434391523359895
Data 3	0.30747513218687916
Data 3	0.30747513218687916
deletion	0.25663174392198057
deletion	0.25663174392198057
genes/isoforms	2.998117812286286
Discovery	2.998117812286286
TCAF	1.3022968652028395
TCAF	1.3022968652028395
isoforms	0.2482718458651819
isoforms	0.2482718458651819
transcripts	0.19904940795458698
TCAF	0.1941312097196779
TCAF	0.1941312097196779
Haplogroup	0.3052090921970334
Haplogroup	0.3052090921970334
paralogs	0.2854838137493411
paralogs	0.2854838137493411
paralogs	0.2854838137493411
paralog-specific	0.14804358216405292
copy	0.14696505892384687
copy	0.14696505892384687
populations	0.13873203991274605
populations	0.13873203991274605
Evolution	2.2485883592147147
segmental	1.9985883592147144
duplications	1.5467496287003135
duplications	1.5467496287003135
duplications	1.5467496287003135
Haplogroup	0.2913359516426229
Haplogroup	0.2913359516426229
DupB	0.1924517126269533
DupB	0.1924517126269533
DupB	0.1924517126269533
haplotypes	0.1599447517310343
haplotypes	0.1599447517310343
haplotypes	0.1599447517310343
supergroup	0.1542872081660042
supergroup	0.1542872081660042
Hominin	1.499058906143143
natural	1.0311664191335423
diversity	0.8178150992680864
diversity	0.8178150992680864
diversity	0.8178150992680864
clusters	0.3626974584123351
clusters	0.3626974584123351
clusters	0.3626974584123351
haplotypes	0.1521152883595851
haplotypes	0.1521152883595851
Tajima’s	0.37365581915040375
Bonferroni’s	0.16786448248461258
Bonferroni’s	0.16786448248461258
archaic	0.15188562954928872
median	0.13283812363731745
Tajima’s	0.36067164010656727
simulated	0.20025380908480275
values	0.1909669339952878
values	0.1909669339952878
values	0.1909669339952878
hominin	0.20959277751254748
hominin	0.20959277751254748
simulated	0.2072556905213343
Neanderthal	0.19564624998206595
negative	0.1746277425475125
distributions	0.28596108608449267
selection	0.2629734865188627
selection	0.2629734865188627
selection	0.2629734865188627
Data 10	0.25698152676739594
among	0.15342368834703732
Americans	0.1517915209530163
haplogroups	0.1401246029929509
haplogroups	0.1401246029929509
haplogroups	0.1401246029929509
TCAF2	0.3701623043043485
TCAF2	0.3701623043043485
TCAF2	0.3701623043043485
tissues	0.34217565856264076
tissues	0.34217565856264076
Methods	4.824428435416546
Methods	4.824428435416546
Methods	4.824428435416546
Methods	4.824428435416546
Methods	4.824428435416546
Copy	1.058484419448243
short-read	0.9991933481226939
high-coverage	0.9532036202816421
genotyping	0.8320612050595064
Illumina	0.5839232630357627
number	0.1294705418786469
number	0.1294705418786469
number	0.1294705418786469
number	0.1294705418786469
number	0.1294705418786469
Library	1.3988706873717716
processing	1.334485068394299
processing	1.334485068394299
assembly	1.1069843636443122
assembly	1.1069843636443122
must	0.14201610689777147
barcoded	0.12622663321356092
PacBio	0.11043715952935039
PacBio	0.11043715952935039
PacBio	0.11043715952935039
tracts	2.6647844789529525
Identification	2.469796978712567
haplogroups	1.8449739394071867
haplogroups	1.8449739394071867
haplogroups	1.8449739394071867
identity	0.3179251562208572
identity	0.3179251562208572
sequence	0.302602533095368
sequence	0.302602533095368
sequence	0.302602533095368
regression	0.35530459719372703
removing	0.19987452081908574
pruning	0.19987452081908574
explains	0.19987452081908574
multivariate	0.19987452081908574
FLNC	0.8340531677464369
FLNC	0.8340531677464369
long-read	0.8340531677464369
transcripts	0.8011738670172127
cDNA	0.7090531677464369
catalog	0.46344077894833957
catalog	0.46344077894833957
Takara	0.39105884508081995
Clontech	0.39105884508081995
Laboratories	0.322147432005987
SMRTbell	0.25245326642712185
SMRTbell	0.25245326642712185
SMRT	0.23398076640434848
SMRT	0.23398076640434848
PacBio	0.22087431905870078
FLNC	0.3879317059285753
FLNC	0.3879317059285753
identity	0.24398907337879736
identity	0.24398907337879736
placements	0.20917101015950834
calling	0.9454042236619158
calling	0.9454042236619158
diploid	0.9015651560229503
locus	0.7910709872358788
locus	0.7910709872358788
call	0.22381930997948346
quality	0.17310050995640647
quality	0.17310050995640647
quality	0.17310050995640647
sets	0.16786448248461258
Phylogenetic	3.704695468068851
analyses	2.146956859358883
analyses	2.146956859358883
analyses	2.146956859358883
Clock	0.21313633736632367
Strict	0.12788180241979422
model	0.12210181190666634
model	0.12210181190666634
model	0.12210181190666634
tree	0.444828356131433
tree	0.444828356131433
BEAST	0.39971767184294293
BEAST	0.39971767184294293
BEAST	0.39971767184294293
Population	2.6647844789529525
analyses	1.431304572905922
analyses	1.431304572905922
analyses	1.431304572905922
genetic	1.3314511456196192
visualization	0.14404240426772716
t-SNE	0.14404240426772716
visualization	0.14404240426772716
distance	0.14404240426772716
t-SNE	0.14404240426772716
outgroup	0.14276751487077552
outgroup	0.14276751487077552
Note	0.12689449899775965
implemented	0.11760937993869368
simulations	0.11760937993869368
summary	3.704695468068851
summary	3.704695468068851
Reporting	3.704695468068851
the Nature	0.8176684942598963
article	0.7267594033508052
article	0.7267594033508052
Summary	0.7267594033508052
Further	0.6735809941943366
Project	0.26462110486206075
Diversity	0.26462110486206075
data	0.2633892247768218
data	0.2633892247768218
data	0.2633892247768218
INTRODUCTION	8.994353436858859
microbiomes	0.17681078444517798
microbiomes	0.17681078444517798
microbiomes	0.17681078444517798
microbiomes	0.17681078444517798
pathways	0.1663596012212602
MAIN	4.497176718429429
TEXT	4.497176718429429
establishment	0.37476472653578574
pathologies	0.37476472653578574
pathogen	0.37476472653578574
Understanding	0.37476472653578574
thereby	0.37476472653578574
milk	0.32357935752314143
milk	0.32357935752314143
milk	0.32357935752314143
milk	0.32357935752314143
infant	0.2726050330893621
GLMMs	0.17803863711493614
taxa	0.17803863711493614
GLMMs	0.17803863711493614
taxa	0.17803863711493614
GLMMs	0.17803863711493614
decreased	0.44644809171439515
fruit/vegetable	0.38273844412165353
time	0.3079422405585029
time	0.3079422405585029
time	0.3079422405585029
microbiomes	0.30111232585881814
microbiomes	0.30111232585881814
microbiomes	0.30111232585881814
microbiomes	0.30111232585881814
pathways	0.29140842898489194
amino	0.26940914322961157
breastfed	0.2160468854877877
breastfed	0.2160468854877877
acid	0.19632904838482737
acid	0.19632904838482737
breastfeeding	0.3241385909697997
breastfeeding	0.3241385909697997
breastfeeding	0.3241385909697997
exposure	0.23086612151268474
exposure	0.23086612151268474
Bifidobacteriaceae	0.3179251562208572
Bifidobacteriaceae	0.3179251562208572
soy-exposed	0.3066256853474611
soy-exposed	0.3066256853474611
microbiomes	0.2913359516426228
methionine	0.41143255510934457
formula	0.1924270821807262
formula	0.1924270821807262
formula	0.1924270821807262
content	0.17130671868872194
synthesis	0.32787377716423116
synthesis	0.32787377716423116
synthesis	0.32787377716423116
riboflavin	0.26197145932598614
stress	0.23284524573375312
pathways	0.24427485748944536
pathways	0.24427485748944536
pathways	0.24427485748944536
persistent	0.1875795173705747
degradation	0.17707223890781917
folate	0.3130728564565226
folate	0.3130728564565226
thiamine	0.22519305455940444
thiamine	0.22519305455940444
fetal	0.20871523763768174
GWG-associated	0.3633797016754026
GWG-associated	0.3633797016754026
dietary	0.20219470733246955
months	0.17649783137625896
months	0.17649783137625896
pathways	0.32162856236110304
pathways	0.32162856236110304
pathways	0.32162856236110304
intrapartum	0.26647844789529523
Maternal	0.23314511456196194
water	0.6357647584547274
water	0.6357647584547274
water	0.6357647584547274
pathways	0.2923896021464573
pathways	0.2923896021464573
mice	0.1924270821807262
mice	0.1924270821807262
mice	0.1924270821807262
establish	0.176359871310958
mother-fed	0.176359871310958
microbiome	0.23269950411946227
microbiome	0.23269950411946227
microbiome	0.23269950411946227
infant	0.16176562403105008
correlates	0.15372205355733753
METHODS	4.497176718429429
ONLINE	4.497176718429429
Population	3.997176718429429
Study	3.704695468068851
infants	0.23644580311342372
infants	0.23644580311342372
mothers	0.14158071852492427
chorioamnionitis	0.11457775078801094
excluded	0.108390293158691
Extraction	3.997176718429429
Sequencing	2.5437314206251695
Sequencing	2.5437314206251695
Zymobiomics	0.42075544404520304
Zymobiomics	0.42075544404520304
Zymobiomics	0.42075544404520304
community	0.35118028115639444
control	0.3019285606907799
extraction	5.293913718717766
extraction	5.293913718717766
extraction	5.293913718717766
minutes	0.5595482749487086
minutes	0.5595482749487086
Qbit	0.3597741374743543
setting”	0.3597741374743543
setting”	0.3597741374743543
Nextera	2.1364636453792336
preparation	2.0623328382670847
preparation	2.0623328382670847
library	1.7646379062392552
library	1.7646379062392552
ng/uL	0.26453980696643703
Fecal	0.26453980696643703
nuclease	0.26453980696643703
Zymo	0.23512804226055464
modifications	0.23512804226055464
Tagmentation	2.6647844789529525
master	2.469796978712567
Preparation	2.331451145619619
Preparation	2.331451145619619
vortexed	1.2849076338369798
centrifuged	1.1420504909798368
gDNA	1.058484419448243
96-well	0.9991933481226939
plate	0.9156272765911002
microseal	1.499058906143143
Plate	1.3323922394764762
Thermocycler	1.3323922394764762
covered	1.3323922394764762
minutes	1.1657255728098095
Tagmentation	7.994353436858858
KAPA	1.2622663321356091
KAPA	1.2622663321356091
HiFi	0.8415108880904061
adapters	0.7362477301956692
adapters	0.7362477301956692
forever	8.994353436858859
Thermocycler	1.9985883592147144
done	1.4181063354928738
protocol	1.3837304545553901
protocol	1.3837304545553901
protocol	1.3837304545553901
Addition	4.497176718429429
Adapter	4.497176718429429
Agencourt	2.2485883592147147
AmpPure	2.2485883592147147
reaction	1.5467496287003135
reaction	1.5467496287003135
beads	1.4985883592147144
Incubate	2.6647844789529525
room	2.331451145619619
temperature	2.224141780657165
temperature	2.224141780657165
stand	2.2485883592147147
Separate	1.9985883592147144
magnetic	1.6681063354928738
beads	1.4985883592147144
beads	1.4985883592147144
Remove	4.497176718429429
supernatant	3.997176718429429
Wash	2.998117812286286
ethanol	2.469796978712567
beads	1.998117812286286
beads	1.998117812286286
beads	1.998117812286286
Air-dry	8.994353436858859
Tris-Cl	1.499058906143143
Tween-20	1.499058906143143
resuspension	1.499058906143143
pipet	1.499058906143143
EDTA	1.2348984893562835
Incubate	3.997176718429429
minutes	3.497176718429429
minutes	3.497176718429429
Separate	1.5988706873717717
minutes	1.3988706873717716
minutes	1.3988706873717716
magnetic	1.334485068394299
plate	1.2818781872275404
Transfer	2.998117812286286
supernatant	2.6647844789529525
plate	2.1364636453792336
plate	2.1364636453792336
plate	2.1364636453792336
Quantitate	1.798870687371772
Qubit	1.3988706873717716
Invitrogen	1.3988706873717716
Invitrogen	1.3988706873717716
Qubit	1.3988706873717716
cleanup	8.994353436858859
Illumina	2.0437314206251695
Illumina	2.0437314206251695
Illumina	2.0437314206251695
Illumina	2.0437314206251695
sequencing	1.6898217963718247
Target	2.6647844789529525
pool	2.1364636453792336
pool	2.1364636453792336
sample	1.3022968652028395
sample	1.3022968652028395
volume	2.9637563744550808
diluted	1.1988706873717716
calculated	1.1069843636443122
calculated	1.1069843636443122
samples	0.5569800142459816
Triplicate	1.2849076338369798
quantitated	1.1420504909798368
pools	1.058484419448243
Qubit	0.9991933481226939
Invitrogen	0.9991933481226939
pool	1.1653438065704913
pool	1.1653438065704913
make	0.7267594033508052
2ng/uL	0.7267594033508052
equimolar	0.6735809941943366
read	0.35772403550353477
read	0.35772403550353477
read	0.35772403550353477
Pool	0.31015011851237445
evenness	0.31015011851237445
Pooling	0.5290796139328741
Schema	0.5290796139328741
pipetting	0.5290796139328741
rules	0.5290796139328741
triplicate	0.5290796139328741
Sequencing	5.087462841250339
Sequencing	5.087462841250339
returned	0.33312420136514287
demultiplexed	0.33312420136514287
Pooled	0.33312420136514287
reads	0.3063979586467619
reads	0.3063979586467619
Collection	2.998117812286286
Clinical	1.998117812286286
Data	1.8908084473238316
records	0.20843547759797407
records	0.20843547759797407
medical	0.18071685210091956
dietary	0.16274208151149988
formula	0.1595736779059681
analytic	2.2485883592147147
specifications	1.6681063354928738
specifications	1.6681063354928738
Clinical	1.4985883592147144
data	0.7374898293751011
fields	0.6149502643737583
experience	0.6149502643737583
foods	0.6149502643737583
medications	0.6149502643737583
Binary	0.6149502643737583
food	1.0760543749013627
food	1.0760543749013627
food	1.0760543749013627
Fields	0.6918733412968353
received	0.5380271874506813
Free	2.998117812286286
text	2.6647844789529525
options	2.331451145619619
options	2.331451145619619
medical	0.49395939574251346
records	0.42729272907584676
records	0.42729272907584676
time	0.32162856236110304
time	0.32162856236110304
exposures	1.9985883592147144
convenience	1.1242941796073573
converted	0.9992941796073572
week	0.8742941796073572
week	0.8742941796073572
breastfeeds	0.7267594033508052
breastfeeds	0.7267594033508052
feeds	0.7267594033508052
week	0.6358503124417144
week	0.6358503124417144
Enfamil	0.34929527910131486
parents	0.2827392444376963
parents	0.2827392444376963
parents	0.2827392444376963
Lipil	0.26197145932598614
exposure	1.6160628505887933
exposure	1.6160628505887933
exposure	1.6160628505887933
exposure	1.6160628505887933
galacto-oligosaccharides	1.334485068394299
exposure	1.6160628505887933
exposure	1.6160628505887933
exposure	1.6160628505887933
exposure	1.6160628505887933
regardless	1.334485068394299
exposure	1.6160628505887933
exposure	1.6160628505887933
exposure	1.6160628505887933
exposure	1.6160628505887933
galacto-oligosaccharides	1.334485068394299
ONLY	1.1242941796073573
exposure	1.0100392816179957
exposure	1.0100392816179957
exposure	1.0100392816179957
exposure	1.0100392816179957
GOS/FOS	1.798870687371772
galacto-oligosaccharides	1.334485068394299
galacto-oligosaccharides	1.334485068394299
galacto-oligosaccharides	1.334485068394299
galacto-oligosaccharides	1.334485068394299
Prebiotic	0.8882614929843174
assigned	0.8882614929843174
neither	0.8232656595708557
neither	0.8232656595708557
prebiotics	0.7771503818732064
Fruit	1.798870687371772
positive	0.9648856870833091
Vegetables	0.899435343685886
vegetable	0.899435343685886
Fruit/Veg	0.899435343685886
positive	1.2061071088541364
MeatFishEggs	1.1242941796073573
Meat	1.1242941796073573
fish	1.1242941796073573
components	0.7733748143501568
positive	0.9648856870833091
Juice	0.899435343685886
sweetened	0.899435343685886
drink	0.899435343685886
JuiceSweetDrink	0.899435343685886
positive	1.0720952078703434
CerealStarch	0.9993726040954287
Cereal	0.9993726040954287
starch	0.8882614929843174
component	0.7413805935523883
AnyDairy	0.899435343685886
cow’s	0.7994353436858859
product	0.7994353436858859
product	0.7994353436858859
dairy	0.7994353436858859
aggregated	1.3323922394764762
Solid	1.3323922394764762
follows	1.2348984893562835
food	1.1657255728098095
food	1.1657255728098095
reflecting	0.8566050892246532
medication	0.8566050892246532
ingredient	0.705656279632162
ingredient	0.705656279632162
ingredient	0.705656279632162
binary	0.999058906143143
listed	0.9454042236619158
Sample	0.8644997524668756
Sample	0.8644997524668756
size	0.7910709872358788
weight	0.7090531677464369
weight	0.7090531677464369
weight	0.7090531677464369
weight	0.7090531677464369
weight	0.7090531677464369
usable	0.899435343685886
transform	0.899435343685886
steps	0.7994353436858859
dietary	0.6672425341971495
statistical	0.6186998514801254
Processing	2.6647844789529525
Sequence	1.9414761451388485
Data	1.8908084473238316
million	0.32558363636597415
million	0.32558363636597415
million	0.32558363636597415
million	0.32558363636597415
minimum	0.2905643504367726
Quality	3.704695468068851
control	1.9122142177082728
control	1.9122142177082728
control	1.9122142177082728
control	1.9122142177082728
reads	0.4963646930077544
reads	0.4963646930077544
reads	0.4963646930077544
reads	0.4963646930077544
months	0.46595427483332363
–phred33	8.994353436858859
SLIDINGWINDOW:6:10	8.994353436858859
LEADING:13	8.994353436858859
TRAILING:13	8.994353436858859
MINLEN:60	8.994353436858859
Trimmomatic	1.1420504909798368
trimmomatic/0.33	1.1420504909798368
trimmomatic/0.33	1.1420504909798368
trimmed	0.9991933481226939
specifications	0.9532036202816421
eliminated	0.37476472653578574
decontaminated	0.37476472653578574
protect	0.37476472653578574
Decontaminated	0.37476472653578574
privacy	0.37476472653578574
Taxonomic	2.998117812286286
extraction	1.7646379062392552
extraction	1.7646379062392552
extraction	1.7646379062392552
data	0.9833197725001348
mpa_dir}/db_v20/mpa_v20_m200.pkl	4.497176718429429
mpa_pkl	4.497176718429429
mpa_dir}/db_v20/mpa_v20_m200	4.497176718429429
bowtie2db	4.497176718429429
quality-filtered	0.899435343685886
MetaPhlAn2	0.7994353436858859
metaphlan2/2.2.0	0.7994353436858859
extract	0.7409390936137702
taxonomic	0.6672425341971495
unclassified	0.39105884508081995
unclassified	0.39105884508081995
community	0.3626318120636682
standard	0.3082839859767117
standard	0.3082839859767117
Functional	2.469796978712567
extraction	1.7646379062392552
extraction	1.7646379062392552
extraction	1.7646379062392552
data	0.9833197725001348
Humann2	0.8176684942598963
humann2/0.9.4	0.7267594033508052
short-read	0.6358503124417144
specifications	0.6065841219974086
specifications	0.6065841219974086
input-format	4.497176718429429
fastq	3.997176718429429
fastq	3.997176718429429
uniref50	4.497176718429429
search-mode	4.497176718429429
bypass-translated-search	8.994353436858859
bypass-prescreen	8.994353436858859
gap-fill	8.994353436858859
convert	0.899435343685886
output	0.7994353436858859
humann2_renorm_table	0.7994353436858859
counts	0.6672425341971495
normalized	0.6186998514801254
pathways	0.46388734955928324
pathways	0.46388734955928324
pathways	0.46388734955928324
abundance	0.46110411052760447
abundance	0.46110411052760447
Statistical	3.204695468068851
Analysis	2.5437314206251695
vegan	0.449717671842943
vegan	0.449717671842943
generated	0.18728825388220718
models	0.1676546805300692
models	0.1676546805300692
variables	0.34504839921251007
variables	0.34504839921251007
variables	0.34504839921251007
variables	0.34504839921251007
arrays	0.17379029210562733
pre-pregnancy	0.5238963288178173
guidelines	0.19422396776174855
guidelines	0.19422396776174855
twin	0.19422396776174855
gestational	0.18748480347882587
function	0.38386740415448234
function	0.38386740415448234
function	0.38386740415448234
rsquaredGLMM	0.26453980696643703
First-approximation	0.26453980696643703
Modeling	4.497176718429429
Statistical	3.204695468068851
formulae	0.47338702299257146
took	0.38996794400724744
packages	0.38996794400724744
packages	0.38996794400724744
lmerTest	0.3681238650978346
life	1.3523477340344254
life	1.3523477340344254
life	1.3523477340344254
life	1.3523477340344254
data=df	1.1242941796073573
mandatory	1.3471619883886732
time	0.877168806439372
time	0.877168806439372
time	0.877168806439372
Family	0.6735809941943366
taxon	0.9992941796073572
outcome	0.9261738670172127
abundance	0.7492941796073572
abundance	0.7492941796073572
abundance	0.7492941796073572
median	0.8515264335725479
median	0.8515264335725479
values	0.6522255284146754
values	0.6522255284146754
values	0.6522255284146754
variables	0.4278228130397698
variables	0.4278228130397698
variables	0.4278228130397698
variables	0.4278228130397698
screen	0.30167371459844744
variables	0.6046562424295414
variables	0.6046562424295414
variables	0.6046562424295414
variables	0.6046562424295414
model-fitting	0.5329568957905905
route	0.49959667406134695
always	0.49959667406134695
route	0.49959667406134695
regardless	0.47660181014082104
significance	0.4419284653429467
maternal	0.9262497347859381
maternal	0.9262497347859381
gestational	0.6628926980144201
weight	0.6077598580683744
weight	0.6077598580683744
Screening	2.469796978712567
variables	1.5116406060738534
variables	1.5116406060738534
variables	1.5116406060738534
variables	1.5116406060738534
exposure	0.7026360219951274
exposure	0.7026360219951274
exposure	0.7026360219951274
exposure	0.7026360219951274
ingredient	0.644294864011974
“Maternal	1.079322412423063
variables	0.7255874909154497
variables	0.7255874909154497
variables	0.7255874909154497
variables	0.7255874909154497
Maximum-likelihood	0.6918733412968353
lmer	0.6149502643737583
linear	0.47592296267701956
generalized	0.46110411052760447
generalized	0.46110411052760447
retaining	0.49968630204771436
backfit	0.49968630204771436
cutoff	0.4441307464921587
maximum-likelihood	0.3885751909366032
lmerTest	0.3885751909366032
r.squaredGLMM	1.3323922394764762
Pseudo-R2	1.2348984893562835
MuMin	1.1120708903285825
MuMin	1.1120708903285825
package	0.9224869697035933
fitting	2.998117812286286
Naïve	2.998117812286286
model	1.431304572905922
model	1.431304572905922
model	1.431304572905922
infant	0.4460809632371381
variable	0.4122656198383237
variable	0.4122656198383237
variable	0.4122656198383237
back-fitting	0.40883424712994815
r.squaredGLMM	1.3323922394764762
Pseudo-R2	1.2348984893562835
MuMin	1.1120708903285825
MuMin	1.1120708903285825
package	0.9224869697035933
Testing	2.2485883592147147
contribution	1.9985883592147144
terms	1.7485883592147144
interaction	1.6681063354928738
lifetime-exposure	0.5290796139328741
model	0.505166319849149
model	0.505166319849149
model	0.505166319849149
model	0.505166319849149
Model	3.997176718429429
Model	3.997176718429429
Model	3.997176718429429
comparison	2.997176718429429
lincfit=mcp(tension=“Tukey”	0.7495294530715715
preferred	0.6661961197382381
glht	0.6661961197382381
adjust	0.6661961197382381
multcomp	0.5828627864049047
Adjustment	2.998117812286286
comparisons	2.224141780657165
multiple	1.5340120046933656
Fixed	1.499058906143143
schema	1.3323922394764762
schema	1.3323922394764762
backfitted	1.3323922394764762
effects	0.7250828745140222
available	0.27568162488094544
supporting	0.25698152676739594
Source	0.25698152676739594
reasonable	0.25698152676739594
https://www.ncbi.nlm.nih.gov/bioproject/PRJNA473126	0.25698152676739594
Methods-Only	4.497176718429429
References	4.497176718429429
Introduction	6.409390936137702
immunocompromised	0.3597741374743543
immunocompromised	0.3597741374743543
aeruginosa	0.3245634561682621
aeruginosa	0.3245634561682621
aeruginosa	0.3245634561682621
polymyxin	0.24530054827796885
infections	0.23306876131409823
infections	0.23306876131409823
treatment	0.20126988429896583
treatment	0.20126988429896583
colistin	0.2970906286802684
colistin	0.2970906286802684
colistin	0.2970906286802684
colistin	0.2970906286802684
resistance	0.22338279461537505
Results	5.824428435416546
colistin-resistant	1.8523477340344254
Experimental	1.6023477340344254
aeruginosa	1.3523477340344254
aeruginosa	1.3523477340344254
aeruginosa	1.3523477340344254
cycles	0.3805938690069116
cycles	0.3805938690069116
cycles	0.3805938690069116
mutants	0.3230135137301802
mutants	0.3230135137301802
Colistin	1.5988706873717717
growth	1.134485068394299
growth	1.134485068394299
growth	1.134485068394299
reduced	1.0587827437435533
growth	0.7491882527132163
growth	0.7491882527132163
growth	0.7491882527132163
mutants	0.38395945971700673
mutants	0.38395945971700673
Multiple	1.499058906143143
mutated	1.1657255728098095
evolved	0.9015651560229503
mutants	0.8479104735417231
mutants	0.8479104735417231
genes	0.3824428435416546
genes	0.3824428435416546
genes	0.3824428435416546
mutated	0.3497176718429429
File	0.28362126709857477
Mutations	0.24541591006522306
mutations	0.23925550429036502
mutations	0.23925550429036502
mutations	0.23925550429036502
mutations	0.23925550429036502
Prevalence	0.9993726040954287
resistance-associated	0.8882614929843174
environmental	0.7771503818732064
isolates	0.5549281596509842
isolates	0.5549281596509842
isolates	0.5217981202688359
isolates	0.5217981202688359
isolates	0.5217981202688359
colistin	0.3486884583560817
colistin	0.3486884583560817
significant	0.38087592911183255
significant	0.38087592911183255
isolates	0.3285758840038722
isolates	0.3285758840038722
isolates	0.3285758840038722
Effects	1.798870687371772
individual	1.017492568250068
individual	1.017492568250068
colistin	0.9344850683942991
susceptibility	0.9344850683942991
pitA	0.3101318194905339
pitA	0.3101318194905339
near	0.29014043344706
mutants	0.24616755683469382
mutants	0.24616755683469382
carBΔ5	0.2948968339953724
phoQV260G	0.26210994874947074
phoQV260G	0.26210994874947074
pitAΔ11	0.26210994874947074
mutants	0.25020309055329537
differently	1.1242941796073573
Different	0.9992941796073572
tolerance	0.8742941796073572
point	0.8340531677464369
pmrB	0.7492941796073572
pmrB	0.4995294530715715
pmrB	0.4995294530715715
pmrB	0.4995294530715715
mutants	0.42395523677086155
mutants	0.42395523677086155
Combinations	1.1242941796073573
reduce	0.8742941796073572
phoQ	0.8340531677464369
phoQ	0.8340531677464369
pitA	0.8011738670172127
phoQ	0.6578447520253586
phoQ	0.6578447520253586
pitA	0.5416386706595241
pitA	0.5416386706595241
pmrB	0.5065650791711711
Mutations	0.8742941796073572
reduce	0.8742941796073572
growth	0.7090531677464369
growth	0.7090531677464369
growth	0.7090531677464369
growth	0.5156750310883178
growth	0.5156750310883178
growth	0.5156750310883178
mutations	0.2656668261925482
mutations	0.2656668261925482
classes	0.9261738670172127
Mutations	0.8742941796073572
antibiotics	0.6761738670172127
antibiotics	0.6761738670172127
impact	0.6761738670172127
mutants	0.35701493622809394
mutants	0.35701493622809394
mutants	0.35701493622809394
mutants	0.35701493622809394
mutants	0.35701493622809394
Material	3.997176718429429
methods	2.5437314206251695
methods	2.5437314206251695
methods	2.5437314206251695
Growth	3.997176718429429
bacteria	2.997176718429429
bacteria	2.997176718429429
bacteria	2.997176718429429
Corning	0.3968097104496555
Corning	0.3968097104496555
plates	0.1962478041756322
replicates	0.18197054455297806
calculated	0.16279181818298707
Experimental	2.1364636453792336
evolution	1.7646379062392552
evolution	1.7646379062392552
mutants	1.6958209470834462
mutants	1.6958209470834462
layer	0.2889525338623684
layer	0.2889525338623684
layer	0.2889525338623684
agar	0.24117200031222275
colistin	0.22517712491428893
Antibiotic	2.998117812286286
testing	1.8449739394071867
susceptibility	1.5574751139904983
susceptibility	1.5574751139904983
susceptibility	1.5574751139904983
inhibitory	0.38682355339639635
doubling	0.29014043344706
concentration	0.2818271823588651
ATCC	0.2578823689309309
coli	0.22562430441480186
Mutant	4.497176718429429
engineering	4.497176718429429
File	0.21008982748042573
File	0.21008982748042573
File	0.21008982748042573
resulting	0.2049971043785763
primers	0.2003478124495445
Genome	2.912214217708273
analysis	1.6752486235420665
analysis	1.6752486235420665
analysis	1.6752486235420665
quality	0.21637563744550808
quality	0.21637563744550808
quality	0.21637563744550808
generated	0.19977413747435432
option	0.17988706873717716
identify	0.18919327197711944
protein	0.1778400713028063
protein	0.1778400713028063
protein	0.1778400713028063
protein	0.1778400713028063
OBSERVATION	8.994353436858859
meningitidis	0.21757908723820094
meningitidis	0.21757908723820094
Japan	0.1954680468540932
Japan	0.1954680468540932
Japan	0.1954680468540932
Company	0.15919209622759042
Dickinson	0.15919209622759042
Company	0.15919209622759042
Becton	0.15919209622759042
ATCC	0.1414929811833426
penicillin	0.31459314482040274
penicillin	0.31459314482040274
penicillin	0.31459314482040274
penicillin	0.31459314482040274
isolates	0.2962752038814576
Neisseria	0.14535188067016105
PubMLST	0.14535188067016105
using	0.14422755341881466
using	0.14422755341881466
isolates	0.13620963918705975
serogroup	0.5259855811028572
strains	0.22570425428849336
strains	0.22570425428849336
strains	0.22570425428849336
strains	0.22570425428849336
chemoprophylaxis	0.5109924783543243
azithromycin	0.5109924783543243
azithromycin	0.5109924783543243
contact	0.31015011851237445
Azithromycin	0.31015011851237445
Japan	0.24634329192570648
Japan	0.24634329192570648
Japan	0.24634329192570648
Japan	0.24634329192570648
Japan	0.24634329192570648
contacts	0.2849765744668347
contacts	0.2849765744668347
penicillin	0.23796148133850978
penicillin	0.23796148133850978
penicillin	0.23796148133850978
availability	3.704695468068851
availability	3.704695468068851
Data	2.8362126709857476
SAMD00286469	0.49968630204771436
SAMD00286455	0.49968630204771436
SAMD00320056	0.49968630204771436
SAMD00320050	0.49968630204771436
SAMD00391203	0.49968630204771436
Supplemental	2.2485883592147147
online	1.8523477340344254
online	1.8523477340344254
material	1.6023477340344254
material	1.6023477340344254
Objective	8.994353436858859
develop	0.17296833532420883
ongoing	0.17296833532420883
handling	0.17296833532420883
optimise	0.17296833532420883
fungi	0.17296833532420883
laboratory	0.3640267772135341
laboratory	0.3640267772135341
laboratory	0.3640267772135341
optimizing	0.28107354490183933
foundation	0.28107354490183933
presented	0.27862703782725085
Societies	0.23669351149628573
meeting	0.23669351149628573
herpes	0.23669351149628573
Birmingham	0.23669351149628573
description	3.704695468068851
Data	2.8362126709857476
cohort	2.8362126709857476
cohort	2.8362126709857476
Sample	2.593499257400627
Sample	2.593499257400627
respiratory	0.3640267772135341
laboratory	0.3640267772135341
laboratory	0.3640267772135341
laboratory	0.3640267772135341
samples	0.3481125089037385
vitro	3.704695468068851
methods	2.5437314206251695
methods	2.5437314206251695
methods	2.5437314206251695
primer	0.1452821752183863
amplification	0.13083186945042147
amplification	0.13083186945042147
acids	0.1256743320811314
acids	0.1256743320811314
Bioinformatic	4.497176718429429
analysis	1.6752486235420665
analysis	1.6752486235420665
analysis	1.6752486235420665
description	0.27959965796746045
remove	0.27959965796746045
files	0.2639378655418437
link	0.16970478182752563
OSCAR	0.16970478182752563
Kraken	0.5921743286562117
Kraken	0.5921743286562117
metaSPAdes	0.33312420136514287
Assembled	0.33312420136514287
Krona	0.33312420136514287
Background	4.497176718429429
Summary	3.997176718429429
liquid	0.24263364879896346
biopsy	0.24263364879896346
biopsy	0.24263364879896346
methods	0.18499864877273958
methods	0.18499864877273958
biopsy	0.2668970136788598
biopsy	0.2668970136788598
liquid	0.20017276025914485
advantages	0.17988706873717716
traditional	0.17988706873717716
ctDNA	0.3047666041787727
assays	0.18631950395749133
assays	0.18631950395749133
assays	0.18631950395749133
sequencing	0.15719272524389066
biopsy	0.3177345400938807
biopsy	0.3177345400938807
liquid	0.3177345400938807
assays	0.3052090921970334
assays	0.3052090921970334
Methods	4.824428435416546
Methods	4.824428435416546
Methods	4.824428435416546
Methods	4.824428435416546
Methods	4.824428435416546
Study	3.704695468068851
design	3.3362126709857476
design	3.3362126709857476
ctDNA	0.2398294061642107
Sample	0.18307053581651483
Sample	0.18307053581651483
“known	0.15872388417986222
quantity	0.14557643564238246
construction	1.5988706873717717
Genomic	1.1988706873717716
libraries	0.9988706873717716
reference	0.8174925682500679
reference	0.8174925682500679
Agilent’s	0.34593667064841765
UHRR	0.34593667064841765
lines	0.34593667064841765
Over	0.30747513218687916
mass	0.30747513218687916
positions	0.7195482749487087
positions	0.7195482749487087
Agilent	0.6395482749487086
Agilent	0.6395482749487086
Male	0.3597741374743543
Sample	0.6958168739367535
Sample	0.6958168739367535
create	0.42648496566212546
fragmented	0.24411312226724985
EfIS	0.18071685210091956
sign-up	1.1242941796073573
Participating	1.1242941796073573
recruitment	1.1242941796073573
panels	0.8340531677464369
panels	0.8340531677464369
laboratories	0.3079580927063767
laboratories	0.3079580927063767
panel	0.25545793007176437
panel	0.25545793007176437
oncopanels	0.24598010574950332
Experiment	4.497176718429429
protocols	3.204695468068851
protocols	3.204695468068851
experimental	0.6483748143501568
Basic	0.5621470898036787
descriptions	0.5621470898036787
wet-lab	0.5621470898036787
metrics	0.4996470898036786
Plasma	1.1420504909798368
Biotech	1.058484419448243
Biotech	1.058484419448243
Biotech	1.058484419448243
Rock	0.9991933481226939
library	0.21175654874871064
library	0.21175654874871064
library	0.21175654874871064
LungPlasmaTM	0.17988706873717716
Fluorometer	0.17988706873717716
Non-small	0.8882614929843174
Cancer	0.8882614929843174
xGen	0.8232656595708557
Integrated	0.7771503818732064
Integrated	0.7771503818732064
purified	0.23347164206797183
AMPure	0.2262552859488356
AMPure	0.2262552859488356
AMPure	0.2262552859488356
Libraries	0.19795339915638277
TruSight	2.469796978712567
Tumor	2.469796978712567
Illumina	1.362487613750113
Illumina	1.362487613750113
Illumina	1.362487613750113
flowcell	0.2262552859488356
flowcell	0.2262552859488356
flowcell	0.2262552859488356
Libraries	0.19795339915638277
universal	0.16970478182752563
AVENIO	1.2348984893562835
Expanded	1.2348984893562835
Roche	1.1657255728098095
Solutions	1.1657255728098095
Solutions	1.1657255728098095
ligated	0.12246927167169755
ligated	0.12246927167169755
AVENIO	0.12246927167169755
workflow	0.12246927167169755
procedures	0.11560914771667534
Oncomine	0.7267594033508052
Cell-Free	0.6735809941943366
Acid	0.6065841219974086
Fisher	0.6065841219974086
Scientific	0.5826719032852457
loaded	0.3285350727476243
Sequencing	0.20907381539384953
Sequencing	0.20907381539384953
chip	0.20299701194897812
chip	0.20299701194897812
processing	1.6681063354928738
processing	1.6681063354928738
collection	1.4181063354928738
collection	1.4181063354928738
Sequencing	1.2718657103125848
platforms	0.28215365071266557
platforms	0.28215365071266557
data	0.2429378261470921
data	0.2429378261470921
data	0.2429378261470921
Bioinformatics	1.798870687371772
pipelines	1.4818781872275404
pipelines	1.4818781872275404
calling	1.134485068394299
calling	1.134485068394299
in-house	0.421610317352759
recommended	0.32786031735275895
recommended	0.32786031735275895
manuscript	0.3127699379049138
manuscript	0.3127699379049138
Records	4.497176718429429
Data	2.8362126709857476
NCBI	0.5337940273577196
NCBI	0.5337940273577196
Sample	0.4149598811841003
Sample	0.4149598811841003
total	0.3925512476486815
filenames	0.23211234675764797
filenames	0.23211234675764797
format	0.2152395271603708
format	0.2152395271603708
format	0.2152395271603708
Technical	4.497176718429429
Validation	4.497176718429429
oncopanel	0.3681238650978346
oncopanel	0.3681238650978346
oncopanel	0.3681238650978346
oncopanel	0.3681238650978346
times	0.3681238650978346
Notes	4.497176718429429
Usage	4.497176718429429
Food	0.49968630204771436
necessarily	0.49968630204771436
views	0.49968630204771436
clarification	0.49968630204771436
Administration	0.49968630204771436
panel	0.6918652272776951
panel	0.6918652272776951
regions	0.4020357029513788
regions	0.4020357029513788
blocklist	0.37476472653578574
template	0.6203002370247489
GRCh37/hg19	0.31015011851237445
native	0.31015011851237445
GRCh38/hg38	0.31015011851237445
datasets	0.31015011851237445
Sample	0.5186998514801254
Sample	0.5186998514801254
500 + somatic	0.449717671842943
Hotspot	0.39971767184294293
Synthetic	0.39971767184294293
Introduction	6.409390936137702
laryngeal	0.3578718469766482
degree	0.2684881622942943
paralysis	0.23863741602563754
distress	0.23863741602563754
distress	0.23863741602563754
polyneuropathy	0.47338702299257146
polyneuropathy	0.47338702299257146
Leonbergers	0.28403221379554294
Leonbergers	0.28403221379554294
Hereditary	0.1893548091970286
laryngeal	0.7193224124230629
signs	0.6989314122499855
signs	0.6989314122499855
clinical	0.6251024952973631
clinical	0.6251024952973631
variant	0.4773601913917432
variant	0.4773601913917432
Airway	0.47338702299257146
Syndrome	0.47338702299257146
obstruction	0.47338702299257146
Terriers	0.3859542748333237
Miniature	0.3859542748333237
Terriers	0.3859542748333237
Terriers	0.3859542748333237
Bull	0.3737940273577196
Results	5.824428435416546
phenotyping	3.704695468068851
Clinical	2.997176718429429
dogs	0.4314408763200091
dogs	0.4314408763200091
dogs	0.4314408763200091
stridor	0.37473531735275895
inspiratory	0.37473531735275895
normocephalic	0.38273844412165353
Miniature	0.3079422405585029
Terriers	0.3079422405585029
Terriers	0.3079422405585029
Terriers	0.3079422405585029
Mapping	3.704695468068851
locus	2.3732129617076363
locus	2.3732129617076363
locus	2.3732129617076363
partly	0.2248588359214715
markers	0.2184160663281205
markers	0.2184160663281205
markers	0.2184160663281205
breed	0.18523477340344255
cases	0.36331863269053394
cases	0.36331863269053394
cases	0.36331863269053394
region	0.3154922861504662
region	0.3154922861504662
Identification	1.8523477340344254
causative	1.5467496287003135
variant	1.1337304545553901
variant	1.1337304545553901
candidate	1.0876243117710334
variants	0.35826472687566674
variants	0.35826472687566674
variants	0.35826472687566674
Bull	0.3290440381670067
Miniature	0.2717987850938899
variants	0.3391572747756312
variants	0.3391572747756312
variants	0.3391572747756312
structural	0.3112199108880752
critical	0.23297713741666182
insertion	0.7492941796073572
insertion	0.7492941796073572
insertion	0.7492941796073572
flanking	0.5560354451642913
abbreviated	0.37476472653578574
Genotype-phenotype	4.497176718429429
association	2.997176718429429
association	2.997176718429429
breeds	0.43417533437201783
breeds	0.43417533437201783
breeds	0.43417533437201783
breeds	0.43417533437201783
breeds	0.43417533437201783
insertion	0.3330196353810476
insertion	0.3330196353810476
insertion	0.3330196353810476
homozygous	0.30052171867431676
mode	0.29608716432810583
Relative	3.3362126709857476
risk	2.8362126709857476
Tierklinik	0.49968630204771436
diagnosed	0.41163282978542787
diagnosed	0.41163282978542787
risk	0.3151347412206386
homozygous	0.30052171867431676
insertion	0.4495765077644144
insertion	0.4495765077644144
insertion	0.4495765077644144
risk	0.4254319006478622
dogs	0.3451527010560073
Functional	3.704695468068851
confirmation	3.497176718429429
confirmation	3.497176718429429
exon	0.39590679831276554
exon	0.39590679831276554
wt/wt	0.33940956365505126
wt/wt	0.33940956365505126
insertion	0.3393030247278599
mutant	0.4449774303201818
mutant	0.4449774303201818
protein	0.4251489204582713
protein	0.4251489204582713
protein	0.4251489204582713
p.Arg929His	2.998117812286286
Genotypes	2.6647844789529525
ADAMTS3:c.2786G>A	2.469796978712567
Terriers	0.45946937480157574
Terriers	0.45946937480157574
Terriers	0.45946937480157574
Bull	0.44499288971157097
Pugs	0.3806834969932789
Materials	3.704695468068851
methods	2.5437314206251695
methods	2.5437314206251695
methods	2.5437314206251695
Ethics	3.997176718429429
statement	3.997176718429429
“Cantonal	0.40883424712994815
Experiments”	0.40883424712994815
permit	0.40883424712994815
Canton	0.40883424712994815
Committee	0.40883424712994815
Animals	3.704695468068851
Animals	3.704695468068851
samples	1.392450035614954
samples	1.392450035614954
samples	1.392450035614954
Bull	0.43263197610847176
breed	0.41163282978542787
breed	0.41163282978542787
Terriers	0.26802380196758585
Terriers	0.26802380196758585
unknown	0.3662509106364401
unknown	0.3662509106364401
unknown	0.3662509106364401
controls	0.36339020294645275
controls	0.36339020294645275
assignment	4.497176718429429
Phenotype	3.704695468068851
Dogs	0.37473531735275895
breathing	0.3127699379049138
breathing	0.3127699379049138
designated	0.28107354490183933
older	0.2498235449018393
Laryngoscopy	7.994353436858858
institutions	0.25336206864391153
inspiration	0.22519305455940444
Dogs	0.22519305455940444
inspiration	0.22519305455940444
abduction	0.20871523763768174
isolation	3.704695468068851
isolation	3.704695468068851
genotyping	2.912214217708273
canine_HD	0.6918733412968353
illumina	0.6918733412968353
Eighty-five	0.6918733412968353
EDTA	0.5699531489336694
chip	0.5699531489336694
GWAS	6.994353436858858
GWAS	6.994353436858858
GWAS	6.994353436858858
GWAS	0.30410232334168946
GWAS	0.30410232334168946
GWAS	0.30410232334168946
package	0.24064877470528523
package	0.24064877470528523
Phasing	2.998117812286286
haplotype	1.6081428118055152
haplotype	1.6081428118055152
analysis	1.116832415694711
analysis	1.116832415694711
haplotype	0.361832132656241
haplotype	0.361832132656241
phased	0.3497176718429429
shared	0.29122142177082727
chromosome	0.27674609091107805
Whole	0.9991933481226939
Terrier	0.9156272765911002
Terrier	0.9156272765911002
Terrier	0.9156272765911002
Miniature	0.6892040622023636
file	0.27442188652361854
file	0.27442188652361854
GATK	0.22208280091009527
GATK	0.22208280091009527
version	0.2049971043785763
Variant	3.497176718429429
calling	2.8362126709857476
calling	2.8362126709857476
case	0.2351909102668566
case	0.2351909102668566
case	0.2351909102668566
case	0.2351909102668566
Bull	0.20314892791180414
Gene	3.497176718429429
analysis	1.6752486235420665
analysis	1.6752486235420665
analysis	1.6752486235420665
corresponds	0.47338702299257146
accessions	0.47338702299257146
Numbering	0.47338702299257146
mRNA	0.42075544404520304
mRNA	0.42075544404520304
targeted	1.8523477340344254
genotyping	1.4561071088541364
Sanger	1.2718657103125848
sequencing	0.8449108981859124
sequencing	0.8449108981859124
capillary	0.25997862933816496
ThermoFisher	0.24541591006522306
ThermoFisher	0.24541591006522306
ThermoFisher	0.24541591006522306
fragment	0.21708766718600891
RT-PCR	3.704695468068851
isolation	3.704695468068851
isolation	3.704695468068851
products	0.2877673727814537
cDNA	0.2638337368358835
cDNA	0.2638337368358835
Polyadenylated	0.20917101015950834
oligo	0.20917101015950834
Relative	3.3362126709857476
risk	2.8362126709857476
excluded	0.35452658387321845
excluded	0.35452658387321845
excluded	0.35452658387321845
excluded	0.35452658387321845
excluded	0.35452658387321845
ADAMTS3	3.997176718429429
genotyping	2.912214217708273
ThermoFisher	0.3411879725297004
ThermoFisher	0.3411879725297004
ThermoFisher	0.3411879725297004
Sanger	0.2481689190853824
endonuclease	0.19498423016728922
Introduction	6.409390936137702
drugs	0.29651714627007225
dogs	0.2528591216527526
dogs	0.2528591216527526
dogs	0.2528591216527526
infantum	0.20396698400443694
allopurinol	0.25601883232600203
allopurinol	0.25601883232600203
in-vitro	0.19767809751338153
isolates	0.16464901440194038
isolates	0.16464901440194038
Materials	3.704695468068851
methods	2.5437314206251695
methods	2.5437314206251695
methods	2.5437314206251695
Allopurinol-susceptible	2.998117812286286
resistant	1.6647844789529525
resistant	1.6647844789529525
resistant	1.6647844789529525
strains	1.6081428118055152
strains	0.2590297146532373
strains	0.2590297146532373
strains	0.2590297146532373
strains	0.2590297146532373
allopurinol	0.19545061863813912
extraction	5.293913718717766
extraction	5.293913718717766
extraction	5.293913718717766
Institute	0.20319842158843585
Institute	0.20319842158843585
Institute	0.20319842158843585
submitted	0.1974382520480185
submitted	0.1974382520480185
archive	0.28107354490183933
soap.coverage	0.28107354490183933
Oligonucleotide	0.28107354490183933
SOAP	0.28107354490183933
Package	0.28107354490183933
Data	2.8362126709857476
analysis	1.6752486235420665
analysis	1.6752486235420665
analysis	1.6752486235420665
chromosomes	0.3885751909366032
chromosomes	0.3885751909366032
median	0.2049971043785763
median	0.2049971043785763
strain	0.19211105610375015
Quantitative	1.5988706873717717
LinJ.36.0790	1.4818781872275404
LinJ.36.0790	1.4818781872275404
LinJ.30.3560	1.334485068394299
LinJ.30.3560	1.334485068394299
City	0.176359871310958
Foster	0.176359871310958
GAPDH	0.1567520281737031
GAPDH	0.1567520281737031
LinJ.36.0790	0.1452821752183863
inhibition	1.6681063354928738
synthetase	1.6681063354928738
S-adenosylmethionine	1.6681063354928738
experiments	1.4181063354928738
experiments	1.4181063354928738
allopurinol	0.37064544589014387
allopurinol	0.37064544589014387
cycloleucine	0.3633797016754026
cycloleucine	0.3633797016754026
cycloleucine	0.3633797016754026
Statistical	3.204695468068851
analysis	1.6752486235420665
analysis	1.6752486235420665
analysis	1.6752486235420665
strains	0.3146366370923834
strains	0.3146366370923834
strains	0.3146366370923834
strains	0.3146366370923834
values	0.2764869087844819
Results	5.824428435416546
Whole	2.331451145619619
genome	1.1675001135097278
genome	1.1675001135097278
genome	1.1675001135097278
genome	1.1675001135097278
strains	0.32162856236110304
strains	0.32162856236110304
strains	0.32162856236110304
strains	0.32162856236110304
triplet	0.26647844789529523
reads	0.4924252906822959
reads	0.4924252906822959
reads	0.4924252906822959
reads	0.4924252906822959
cleaned	0.352828139816081
Whole	1.3988706873717716
chromosome	1.1069843636443122
variation	1.1069843636443122
variation	1.1069843636443122
variation	1.1069843636443122
clones	0.626594922817535
clones	0.626594922817535
clones	0.626594922817535
chromosomes	0.5278757310836873
chromosomes	0.5278757310836873
Genomic	0.999058906143143
variation	0.9224869697035933
variation	0.9224869697035933
variation	0.9224869697035933
loci	0.8479104735417231
resistant	0.2512882232381815
resistant	0.2512882232381815
resistant	0.2512882232381815
strains	0.24273853763102116
strains	0.24273853763102116
induced	0.2297485561593086
strains	0.22439202025193236
strains	0.22439202025193236
strains	0.22439202025193236
strains	0.22439202025193236
inhibition	2.224141780657165
S-adenosylmethionine	2.224141780657165
synthetase	2.224141780657165
cycloleucine	0.3806834969932789
METK	0.3806834969932789
cycloleucine	0.3806834969932789
METK	0.3806834969932789
cycloleucine	0.3806834969932789
Introduction	6.409390936137702
laboratory	0.23297713741666182
laboratory	0.23297713741666182
laboratory	0.23297713741666182
animals	0.22478555540491635
animals	0.22478555540491635
enough	0.2498235449018393
studied	0.1873235449018393
studied	0.1873235449018393
studied	0.1873235449018393
laboratory	0.18201338860676705
cattle	0.2582396935959886
cattle	0.2582396935959886
industry	0.21937447406972826
greater	0.1705939862648502
thousands	0.1705939862648502
offered	0.47338702299257146
opportunities	0.47338702299257146
source	0.42075544404520304
draw	0.42075544404520304
scientific	0.38996794400724744
Discussion	4.497176718429429
Results	2.912214217708273
discovery	1.1420504909798368
Rapid	1.058484419448243
deleterious	0.8320612050595064
novo	0.6386844972574064
novo	0.6386844972574064
cattle	0.5572540756545017
cattle	0.5572540756545017
pedigrees	0.337336365059879
Holstein	0.298548702209026
Holstein	0.298548702209026
polymorphisms	0.23738484948658153
Table 1	0.18842454967593847
Table 1	0.18842454967593847
Table 1	0.18842454967593847
Table 1	0.18842454967593847
Confirmation	1.2849076338369798
validation	1.058484419448243
causality	0.9532036202816421
nature	0.7727701337339573
novo	0.6386844972574064
reliability	0.8882614929843174
causality	0.7413805935523883
Several	0.7413805935523883
conducted	0.6874442794223615
conducted	0.6874442794223615
genotypes	0.13851489212241613
genotypes	0.13851489212241613
intervals	0.13420194261624308
intervals	0.13420194261624308
intervals	0.13420194261624308
Collagen	0.5451123295065975
alpha	0.4490539961295577
chain	0.4239002082944762
type	0.31436354635159114
type	0.31436354635159114
bulldog	0.39971767184294293
calf	0.3497176718429429
COL2A1	0.3497176718429429
COL2A1	0.3497176718429429
COL2A1	0.3497176718429429
studying	1.1242941796073573
Cattle	0.9992941796073572
reliable	0.9992941796073572
Cattle	0.9992941796073572
defects	0.8011738670172127
demonstrating	0.3597741374743543
useful	0.3597741374743543
domains	0.3597741374743543
Strikingly	0.3197741374743543
examinations	0.3197741374743543
collagen	0.2907037613403221
collagen	0.2907037613403221
hypochondrogenesis/achondrogenesis	0.24530054827796885
type	0.23577265976369338
type	0.23577265976369338
OMIM	0.2788727943090299
OMIM	0.2788727943090299
COL1A1	0.25846712567922214
COL1A1	0.25846712567922214
COL1A1	0.25846712567922214
calf	0.1942875954683016
unaffected	0.17186106985559038
chimera	0.16656210068257143
chimera	0.16656210068257143
gestation	0.14804358216405292
unparalleled	1.3323922394764762
Tietz	1.1657255728098095
syndrome	0.8323922394764762
syndrome	0.8323922394764762
syndrome	0.8323922394764762
model	0.5725218291623688
model	0.5725218291623688
model	0.5725218291623688
model	0.5725218291623688
instances	0.5329568957905905
MITF	0.37496960695765175
MITF	0.37496960695765175
MITF	0.37496960695765175
MITF	0.37496960695765175
binding	0.2119501041472381
Tietz	0.25280795554911534
MITF	0.22362645234221398
MITF	0.22362645234221398
MITF	0.22362645234221398
MITF	0.22362645234221398
white	0.20017276025914488
MITF	0.18560995544403763
MITF	0.18560995544403763
MITF	0.18560995544403763
MITF	0.18560995544403763
Large	0.899435343685886
half-sib	0.7994353436858859
allow	0.7409390936137702
syndromes	0.6994353436858858
clinically	0.6672425341971495
anomalies	0.1625485560878107
anomalies	0.1625485560878107
genital	0.10836570405854047
coloboma	0.10836570405854047
retarded	0.10836570405854047
mildly	0.15909161068375835
mildly	0.15909161068375835
affected	0.15150985437606432
affected	0.15150985437606432
CHARGE	0.1474505658932876
Rare	0.9993726040954287
occurring	0.8232656595708557
basic	0.7771503818732064
interesting	0.7121545484597446
provide	0.6471587150462829
livestock	0.5292422097241215
livestock	0.5292422097241215
demonstrate	0.5292422097241215
occurring	0.5292422097241215
substitution	0.49959667406134695
COPI	0.5290796139328741
COPI	0.5290796139328741
complex	0.3770229962433942
complex	0.3770229962433942
protein	0.26676010695420943
Figs 14	0.16656210068257143
pheomelanin	0.16656210068257143
histological	0.16656210068257143
switch	0.16656210068257143
Production	0.16656210068257143
repeat	0.2756673598916847
repeat	0.2756673598916847
repeat	0.2756673598916847
mutations	0.19594200782400584
mutations	0.19594200782400584
proteins	0.2127159503239311
proteins	0.2127159503239311
proteins	0.2127159503239311
proteins	0.2127159503239311
stress	0.19985883592147147
abnormal	0.29468464074196327
abnormal	0.29468464074196327
system	0.24118460127099509
system	0.24118460127099509
system	0.24118460127099509
NFIB	0.2756673598916847
NFIB	0.2756673598916847
NFIB	0.2756673598916847
fold	0.20098716772582925
fold	0.20098716772582925
repeats	0.40883424712994815
pathogenetic	0.40883424712994815
thorough	0.40883424712994815
avenues	0.40883424712994815
COPA+/−	0.3633797016754026
silico	0.6918733412968353
Detection	0.6918733412968353
elite	0.6918733412968353
towards	0.5380271874506813
sires	0.5132634878439611
defects	0.25637563744550806
defects	0.25637563744550806
recessive	0.20747994059205016
detecting	0.17988706873717716
emerge	0.17988706873717716
Table 10	0.36711646681056564
Table 10	0.36711646681056564
mutations	0.20873822057985927
mutations	0.20873822057985927
mutations	0.20873822057985927
EDAR	0.15886727004694037
EDAR	0.15886727004694037
EDAR	0.15886727004694037
EDAR	0.15886727004694037
EDAR	0.15886727004694037
easily	0.4283025446123266
uncharacterized	0.4283025446123266
Importantly	0.3806834969932789
poorly	0.3806834969932789
CSNK1G2	0.3806834969932789
Methods	4.824428435416546
Methods	4.824428435416546
Methods	4.824428435416546
Methods	4.824428435416546
Methods	4.824428435416546
Ethics	3.997176718429429
statement	3.997176718429429
organizations	0.21163184557314962
organizations	0.21163184557314962
ethical	0.17433861026206357
breeding	0.17433861026206357
production	0.15699824334050577
phenotyping	1.8523477340344254
Animals	1.8523477340344254
Animals	1.8523477340344254
sampling	1.5467496287003135
studies	1.1505090035200243
condition	0.6174492446781418
Note 1	0.6174492446781418
Note 1	0.6174492446781418
Note 1	0.6174492446781418
Details	0.5560354451642913
extraction	2.646956859358883
extraction	2.646956859358883
extraction	2.646956859358883
studies	2.3010180070400486
studies	2.3010180070400486
extracted	0.3165735868134528
genomic	0.3014467962562255
quantifying	0.29014043344706
sperm	0.29014043344706
Macherey-Nagel	0.2578823689309309
Whole	0.5380271874506813
filtering	0.49303007201059246
filtering	0.49303007201059246
private	0.4480329565705035
Genome	0.4480329565705035
variants	0.12408192979596262
variants	0.12408192979596262
variants	0.12408192979596262
trio	0.11699053810037352
trio	0.11699053810037352
deleterious	0.21179739765151073
private	0.21179739765151073
mutations	0.16530380296425218
mutations	0.16530380296425218
mutations	0.16530380296425218
structural	0.3842221122075003
precluded	0.33312420136514287
efficient	0.33312420136514287
systematically	0.29608716432810583
trio	0.29608716432810583
Mapping	3.704695468068851
defects	3.204695468068851
defects	3.204695468068851
Animals	0.22452699806477885
Animals	0.22452699806477885
EuroG10K	0.1817041098355325
French	0.16392093745871825
genomic	0.14158864672640895
haplotype	0.2631506419318116
haplotype	0.2631506419318116
assumed	0.24263364879896346
carry	0.24263364879896346
causative	0.22498176417459104
positional	1.499058906143143
Screening	1.2348984893562835
intervals	0.999058906143143
intervals	0.999058906143143
intervals	0.999058906143143
animals	0.22037799549501602
animals	0.22037799549501602
animals	0.22037799549501602
animals	0.22037799549501602
animals	0.22037799549501602
Verification	1.2849076338369798
private	0.8320612050595064
nature	0.7727701337339573
heterozygous	0.7267804058929055
studies	0.6574337162971567
Sanger	0.20349851365001356
sequencing	0.20277861556461896
sequencing	0.20277861556461896
sequencing	0.20277861556461896
NovoSNP	0.17988706873717716
putative	0.16963793242300412
haplotype	0.16353994696327273
haplotype	0.16353994696327273
Selection	0.15244666842133658
novo	0.1515522535865032
Genotyping	3.704695468068851
pedigree	3.3362126709857476
calves	0.24747994059205017
calves	0.24747994059205017
calves	0.24747994059205017
frameshift	0.2397741374743543
frameshift	0.2397741374743543
Mapping	1.058484419448243
CHARGE	1.058484419448243
modifier	0.9156272765911002
bovine	0.7409997878287505
loci	0.7267804058929055
affected	0.2900331498056089
affected	0.2900331498056089
mildly	0.26647844789529523
mildly	0.26647844789529523
animals	0.20813477352307072
matings	0.9261738670172127
estimation	0.8742941796073572
estimation	0.8742941796073572
year	0.8340531677464369
year	0.8340531677464369
calves	0.2946189768952978
calves	0.2946189768952978
calves	0.2946189768952978
inbred	0.2537889979955193
contribution	0.2537889979955193
Histological	2.6647844789529525
studies	1.5340120046933656
studies	1.5340120046933656
studies	1.5340120046933656
studies	1.5340120046933656
haematoxylin	0.31015011851237445
haematoxylin	0.31015011851237445
eosin	0.2756673598916847
hairs	0.15507505925618723
buffered	0.15507505925618723
ImmPRESS	0.25336206864391153
Vector	0.25336206864391153
ImmPRESS	0.25336206864391153
antibody	0.22519305455940444
Laboratories	0.20871523763768174
sections	0.3924956083512644
electron	0.352719742621916
cyanoferrate	0.176359871310958
Thin	0.176359871310958
osmium	0.176359871310958
biopsies	0.8340531677464369
biopsies	0.8340531677464369
preparation	0.7733748143501568
preparation	0.7733748143501568
Genomic	0.7492941796073572
series	0.25549623917716213
series	0.25549623917716213
series	0.25549623917716213
cDNA	0.19560087386108604
cDNA	0.19560087386108604
qRT-PCR	1.798870687371772
Analysis	1.017492568250068
expression	0.9988706873717716
expression	0.9988706873717716
studies	0.9204072028160195
Life	0.23154346675430318
score	0.20851329193660922
score	0.20851329193660922
transcripts	0.20029346675430318
Technologies	0.1933437035875392
Quantification	1.499058906143143
dosage	1.1657255728098095
pyrosequencing	1.1657255728098095
pyrosequencing	1.1657255728098095
allelic	1.1120708903285825
PyroMark	0.6424538169184899
pools	0.352828139816081
Qiagen	0.2854454017551837
Qiagen	0.2854454017551837
Qiagen	0.2854454017551837
Gene	1.1657255728098095
enrichment	0.8644997524668756
enrichment	0.8644997524668756
enrichment	0.8644997524668756
analyses	0.715652286452961
dominant	0.181612852249413
analyses	0.15614231704428239
analyses	0.15614231704428239
analyses	0.15614231704428239
fold	0.12717006248834287
availability	3.704695468068851
availability	3.704695468068851
Data	2.8362126709857476
project	0.41163282978542787
project	0.41163282978542787
PRJEB12092	0.24984315102385718
PRJEB12092	0.24984315102385718
Invincible	0.1942875954683016
Introduction	6.409390936137702
co-infections	0.21037772202260152
co-infections	0.21037772202260152
infectious	0.19498397200362372
dynamics	0.19498397200362372
dynamics	0.19498397200362372
malaria	0.24358261869296274
malaria	0.24358261869296274
malaria	0.24358261869296274
Plasmodium	0.1514029354993158
Plasmodium	0.1514029354993158
SARS-CoV-2	0.20435295807473378
SARS-CoV-2	0.20435295807473378
SARS-CoV-2	0.20435295807473378
experience	0.1816898508377013
COVID-19	0.16839524854858415
infection	0.3595452270317466
infection	0.3595452270317466
infection	0.3595452270317466
infection	0.3595452270317466
Plasmodium	0.31782103815558854
Results	5.824428435416546
Exposure	0.899435343685886
impacts	0.7994353436858859
hepatic	0.6409390936137702
malaria	0.6186998514801254
malaria	0.6186998514801254
berghei	0.2404568847921111
berghei	0.2404568847921111
berghei	0.2404568847921111
AnSCV2	0.2316011071807569
AnSCV2	0.2316011071807569
hepatocytes	0.22624094461489164
hepatocytes	0.22624094461489164
hepatocytes	0.22624094461489164
liver	0.1979770425496662
liver	0.1979770425496662
Asymptomatic	1.1242941796073573
protects	1.1242941796073573
malaria-associated	0.8742941796073572
outcomes	0.8340531677464369
outcomes	0.8340531677464369
stage	0.4537940273577196
bottleneck	0.3597741374743543
constitutes	0.3597741374743543
cycle	0.2963756374455081
cycle	0.2963756374455081
mice	0.23091249861687146
mice	0.23091249861687146
mice	0.23091249861687146
SARS-CoV-2	0.21156541541854793
SARS-CoV-2	0.21156541541854793
mice	0.253804685979751
mice	0.253804685979751
mice	0.253804685979751
liver	0.17886201775176738
experimental	0.17886201775176738
parasitaemia	0.19034174849663946
berghei	0.18524994695718763
berghei	0.18524994695718763
berghei	0.18524994695718763
mice	0.17524609270030422
Primary	0.7994353436858859
influences	0.7409390936137702
responses	0.6672425341971495
maSCV2	0.5994353436858858
maSCV2	0.5994353436858858
circulating	0.23489914425635555
immune	0.17819137199910456
infection	0.13666483498693613
infection	0.13666483498693613
infection	0.13666483498693613
cell	0.24614430792941558
memory	0.18355823340528282
co-infected	0.17829882965560853
infected	0.17364567373382128
Figures 4B	0.16315007013997668
cells	0.24122142177082728
cells	0.24122142177082728
cells	0.24122142177082728
cell	0.19297713741666184
co-infected	0.11648856870833091
Materials	3.704695468068851
methods	2.5437314206251695
methods	2.5437314206251695
methods	2.5437314206251695
Experimental	3.204695468068851
animals	1.8732129617076363
animals	1.8732129617076363
animals	1.8732129617076363
animals	1.8732129617076363
housed	0.2607058967205466
C57BL/6J	0.21476495467065804
mice	0.2133430693742834
mice	0.2133430693742834
mice	0.2133430693742834
Pathogens	4.497176718429429
infections	3.204695468068851
infections	3.204695468068851
infected	0.2233238323610825
iRBCs	0.21246504181556358
iRBCs	0.21246504181556358
iRBCs	0.21246504181556358
referred	0.18884299457146908
progression	2.469796978712567
Assessment	2.331451145619619
disease	1.469796978712567
disease	1.469796978712567
disease	1.469796978712567
points	0.5459551216101465
points	0.5459551216101465
points	0.5459551216101465
points	0.5459551216101465
points	0.5459551216101465
pulmonary	1.9985883592147144
Assessment	1.7485883592147144
SARS-CoV-2	1.4985883592147144
SARS-CoV-2	1.4985883592147144
SARS-CoV-2	1.4985883592147144
medium	0.5699531489336694
medium	0.5699531489336694
medium	0.5699531489336694
clarified	0.34593667064841765
compositions	0.34593667064841765
medium	0.35707908125964827
medium	0.35707908125964827
medium	0.35707908125964827
plates	0.24117200031222275
incubated	0.22362645234221404
NZYTech	0.19987452081908574
NZYTech	0.19987452081908574
thermocycling	0.19987452081908574
cDNA	0.18908084473238318
cDNA	0.18908084473238318
Assessment	1.7485883592147144
berghei	1.2967496287003135
liver	1.2967496287003135
liver	1.2967496287003135
berghei	1.2967496287003135
liver	0.5459998436632899
liver	0.5459998436632899
livers	0.42075544404520304
euthanized	0.42075544404520304
overdose	0.42075544404520304
TRIzol	0.25698152676739594
extraction	0.15125467767765047
extraction	0.15125467767765047
extraction	0.15125467767765047
liver	0.1481999575657501
antibody	0.1816898508377013
Invitrogen	0.1589625781104286
Invitrogen	0.1589625781104286
dilution	0.1589625781104286
dilution	0.1589625781104286
Liver	4.497176718429429
histopathology	3.997176718429429
Leica	0.32630014027995335
Leica	0.32630014027995335
Leica	0.32630014027995335
Microtome	0.18355823340528282
Enzifarma	0.18355823340528282
Assessment	1.7485883592147144
berghei	1.2967496287003135
berghei	1.2967496287003135
berghei	1.2967496287003135
blood	1.1337304545553901
luciferase	0.4283025446123266
Tecan	0.28553502974155104
Firefly	0.28553502974155104
Tecan	0.28553502974155104
blood	0.2159486580105505
immunophenotyping	4.497176718429429
Blood	3.497176718429429
clone	0.883688827245781
clone	0.883688827245781
centrifuged	0.29337076832509573
FACS	0.16503400801575888
Samples	0.16503400801575888
Statistical	3.204695468068851
analyses	2.146956859358883
analyses	2.146956859358883
analyses	2.146956859358883
parasitaemias	0.2767493365187341
experimental	0.23939993145236557
titers	0.22798125957346776
titers	0.22798125957346776
tests	0.20530539513758447
inquiries	0.6918733412968353
contributions	0.6918733412968353
directed	0.6918733412968353
author	0.6149502643737583
Material	0.6149502643737583
