Introduction	6.03342300153745
G-protein	0.3395165004725156
G-protein	0.3395165004725156
Gα-GTP	0.33147636547148485
inactive	0.22098424364765656
hydrolysis	0.22098424364765656
G-protein	0.32099741862856024
G-protein	0.32099741862856024
signaling	0.22879195461533866
signaling	0.22879195461533866
signaling	0.22879195461533866
responses	0.3141097610919461
responses	0.3141097610919461
Arabidopsis	0.2552617867853207
Arabidopsis	0.2552617867853207
hypocotyl	0.23292933789888126
partners	0.1788752838448272
partners	0.1788752838448272
screening	0.1630654865280392
screening	0.1630654865280392
screening	0.1630654865280392
Brassica	0.39563429518278365
Brassica	0.39563429518278365
crop	0.24978313122159365
crop	0.24978313122159365
allopolyploidization	0.14128500823374765
RGS-interacting	0.4382229916402681
juncea	0.24462867356954252
juncea	0.24462867356954252
juncea	0.24462867356954252
well-expressed	0.14607433054675603
Materials	3.016711500768725
methods	2.724230250408147
methods	2.724230250408147
methods	2.724230250408147
methods	2.724230250408147
material	1.9045963755646516
material	1.9045963755646516
Plant	1.7583557503843625
Plant	1.7583557503843625
conditions	1.324114351842811
flower	0.35167115007687255
flower	0.35167115007687255
light/14	0.21545963755646516
photon	0.21545963755646516
seedlings	0.21545963755646516
cloning	1.0772981877823258
Amplification	1.0772981877823258
full-length	0.8272981877823258
phylogenetic	0.7541778751921813
coding	0.7022981877823258
sequences	0.3207353720134002
juncea	0.21382358134226678
juncea	0.21382358134226678
juncea	0.21382358134226678
Gene-specific	0.19151967782796903
isolation	1.269730917043101
isolation	1.269730917043101
qRT-PCR	1.1722371669229084
Total	1.1030642503764343
synthesis	1.0494095678952071
qRT-PCR	0.37018015797565523
cDNA	0.3175485790282868
cDNA	0.3175485790282868
first-strand	0.22679961848048963
seedling	0.22679961848048963
‘BjuA.RGS1box	2.1545963755646516
Construction	1.7583557503843625
bait	1.5083557503843625
vector	1.3621151252040735
vector	1.3621151252040735
bait	0.4309587858241036
domain	0.3177471786297353
domain	0.3177471786297353
domain	0.3177471786297353
domain	0.3177471786297353
Screening	1.9045963755646516
BjuA.RGS1-interacting	1.5083557503843625
identification	1.2897384709053272
proteins	0.6602763946896725
proteins	0.6602763946896725
mated	0.2810343098562589
CFU/ml	0.18735620657083926
SD/-Leu	0.18735620657083926
medium	0.1776671902440096
medium	0.1776671902440096
terms	0.13447563042507757
Thereafter	0.13259054618859395
BRAD	0.13259054618859395
calculation	0.13259054618859395
http://brassicadb.org/brad/blastPage.php	0.13259054618859395
discussion	3.516711500768725
discussion	3.516711500768725
Results	2.809192751129303
Isolation	1.7236771004517213
juncea	0.9622061160402006
juncea	0.9622061160402006
juncea	0.9622061160402006
expression	0.697820497062728
BjuA.RGS2	0.22880669475022847
BjuA.RGS2	0.22880669475022847
juncea	0.2128774593009293
juncea	0.2128774593009293
juncea	0.2128774593009293
expression	0.23089648799869675
expression	0.23089648799869675
expression	0.23089648799869675
homologs	0.2068653823981603
homeologs	0.16805262137335159
Identification	1.5083557503843625
screening	1.5083557503843625
screening	1.5083557503843625
BjuA.RGS1-interacting	1.5083557503843625
screening	1.5083557503843625
colonies	0.29718688738890636
colonies	0.29718688738890636
colonies	0.29718688738890636
DDO/X/A	0.21460240851432694
DDO/X/A	0.21460240851432694
prey	0.2556505202100203
prey	0.2556505202100203
plasmids	0.20452041616801628
interaction	0.13512544970570337
interaction	0.13512544970570337
transcript	0.9454836431798008
BjuA.RGS1-interacting	0.8619175716482071
Functional	0.8619175716482071
annotation	0.7025636834453591
annotation	0.7025636834453591
activity	0.19210018446945462
activity	0.19210018446945462
activity	0.19210018446945462
terms	0.1805974375543397
cellular	0.15575189774049877
wall	0.32281294501095786
wall	0.32281294501095786
maturation	0.21911149582013406
maturation	0.21911149582013406
interacting	0.179540929063432
kinases	0.5171031301355163
phosphorylation	0.30473542009034427
plants	0.26473542009034423
plants	0.26473542009034423
G-protein	0.21185829629484976
interacting	0.17085346475391108
types	0.16641786721359061
types	0.16641786721359061
types	0.16641786721359061
types	0.16641786721359061
signaling	0.21418821283138084
plant	0.21418821283138084
signaling	0.21418821283138084
signaling	0.21418821283138084
processes	0.2004891449638335
paper	1.4363975837097676
authors	1.4363975837097676
contacting	1.4363975837097676
accessed	1.269730917043101
accessed	1.269730917043101
Background	7.618385502258606
disc	0.1954221044263863
disc	0.1954221044263863
pain	0.14988496525667142
pathogenic	0.14988496525667142
non-surgical	0.14988496525667142
collagen	0.3348740880113673
collagen	0.3348740880113673
load	0.18941506598370564
constituents	0.18941506598370564
load	0.18941506598370564
factors	0.209556173108319
factors	0.209556173108319
factors	0.209556173108319
regulatory	0.18503963770003856
sulfate	0.13259054618859395
translation	0.33492490483511667
translation	0.33492490483511667
translation	0.33492490483511667
global	0.28730585721606905
profiling	0.28730585721606905
Methods	5.448460500816294
Methods	5.448460500816294
Nucleus	1.2311979288940866
collection	0.9454836431798008
pulposus	0.9454836431798008
collection	0.9454836431798008
primary	0.802626500322658
disc	0.38747486222473143
disc	0.38747486222473143
intervertebral	0.28949229459178133
Pfirrmann	0.22822018973305538
Pfirrmann	0.22822018973305538
Gibco	0.38091927511293033
extraction	0.35167115007687255
extraction	0.35167115007687255
extraction	0.35167115007687255
disc	0.2809192751129303
siRNAs	0.6530044716221662
siRNA	0.4924791715576346
Shanghai	0.4353363144147775
Shanghai	0.4353363144147775
Shanghai	0.4353363144147775
reverse	3.809192751129303
transcription	2.724230250408147
manufacturer’s	0.25674140432074255
instructions	0.25674140432074255
instructions	0.25674140432074255
instructions	0.25674140432074255
manufacturer’s	0.25674140432074255
Quantitative	1.9045963755646516
polymerase	1.6545963755646516
polymerase	1.6545963755646516
chain	1.574114351842811
chain	1.574114351842811
significance	0.20386733337789711
normalize	0.12490413771389285
SYBR	0.12490413771389285
Real-time	0.12490413771389285
premix	0.12490413771389285
Label-free	2.539461834086202
profiling	2.0111410005124832
profiling	2.0111410005124832
proteomic	1.6036768600670008
centrifuged	0.4136490938911629
concentration	0.36318941126256266
concentration	0.36318941126256266
ultrasonication	0.26932454694558144
precipitate	0.26932454694558144
samples	0.14333947990673834
samples	0.14333947990673834
samples	0.14333947990673834
expressed	0.11051030880507969
washes	0.10510226222266593
acquiring	1.5236771004517213
Transcriptome	1.5236771004517213
bioinformatics	1.3236771004517214
data	0.5891920320574222
data	0.5891920320574222
profiling	0.1577365490598026
profiling	0.1577365490598026
data	0.13478249099352796
data	0.13478249099352796
data	0.13478249099352796
Immunohistochemistry	4.309192751129303
analysis	1.0877210032049391
analysis	1.0877210032049391
analysis	1.0877210032049391
analysis	1.0877210032049391
sections	0.44577856046165204
antibody	0.2971857069744347
dilution	0.2971857069744347
ZEISS	0.2971857069744347
antibody	0.2971857069744347
Results	5.618385502258606
Global	1.6545963755646516
transcriptome	1.6545963755646516
proteome	1.0926144972037553
proteome	1.0926144972037553
proteome	1.0926144972037553
data	0.17675760961722667
data	0.17675760961722667
data	0.17675760961722667
data	0.17675760961722667
data	0.17675760961722667
Functional	1.20668460030749
differentially	1.0592914814742487
expressed	0.9061845322016535
genes	0.6189647092403188
genes	0.6189647092403188
transcriptome	0.17265353484152887
metabolism	0.1381684541053368
related	0.1381684541053368
metabolism	0.1381684541053368
metabolism	0.1381684541053368
Co-expression	1.4363975837097676
reveals	1.269730917043101
vital	1.1722371669229084
regulatory	0.8018384300335004
network	0.7160762345618739
network	0.43358744478058425
network	0.43358744478058425
network	0.43358744478058425
network	0.43358744478058425
co-expression	0.2795737798993984
degeneration	0.15606626395162795
degeneration	0.15606626395162795
degeneration	0.15606626395162795
genes	0.1504428112736886
genes	0.1504428112736886
Verification	1.4363975837097676
candidate	0.8827429012285406
sample	0.8018384300335004
tissue	0.8018384300335004
sample	0.8018384300335004
candidates	0.2539461834086202
candidates	0.2539461834086202
sequencing	0.23444743338458165
consistent	0.20988191357904146
expression	0.1938390269618689
knockdown	0.44656653978015554
knockdown	0.44656653978015554
anabolic	0.2418535080082097
TNFAIP6	0.21010747626217796
TNFAIP6	0.21010747626217796
materials	2.539461834086202
Availability	2.539461834086202
data	0.9819867200957036
data	0.9819867200957036
data	0.9819867200957036
supplementary	0.6094708401806885
files	0.5294708401806885
files	0.5294708401806885
supporting	0.34473542009034425
https://www.ncbi.nlm.nih.gov/geo	0.34473542009034425
Ethics	2.1545963755646516
approval	2.1545963755646516
participate	1.9045963755646516
consent	1.6545963755646516
ethics	0.6094708401806885
Naval	0.6094708401806885
committee	0.6094708401806885
consent	0.5294708401806885
Medical	0.5294708401806885
Consent	4.309192751129303
publication	4.309192751129303
applicable	8.618385502258606
Introduction	6.03342300153745
stromal	0.26932454694558144
bone	0.2459553674754392
bone	0.2459553674754392
cells	0.2261490938911629
cells	0.2261490938911629
bone	0.307144263774207
bone	0.307144263774207
marrow	0.24213605496068075
osteoblasts	0.22528709767115154
osteoblasts	0.22528709767115154
Results	5.618385502258606
Profiles	1.7236771004517213
Proteomic	1.4066846003074902
Global	1.3236771004517214
Osteoblasts	1.1236771004517212
MSCs	0.8452136158959693
years	0.4268784682963555
years	0.4268784682963555
years	0.4268784682963555
years	0.4268784682963555
years	0.4268784682963555
quantified	0.8212770531353796
proteins	0.4593227093493374
proteins	0.4593227093493374
proteins	0.4593227093493374
proteins	0.4593227093493374
samples	0.2880842488321702
samples	0.2880842488321702
samples	0.2880842488321702
osteoblast	0.22760090663035185
least	0.2037523015702326
Osteoblasts	0.6609865296774831
Detected	0.5069638530740357
Reflects	0.5069638530740357
Their	0.5069638530740357
Qualitative	0.5069638530740357
proteins	0.2515338646436847
proteins	0.2515338646436847
proteins	0.2515338646436847
proteins	0.2515338646436847
proteins	0.2515338646436847
osteoblast-specific	0.5410325385798039
proteins	0.4063239351936446
proteins	0.4063239351936446
proteins	0.4063239351936446
proteins	0.4063239351936446
proteins	0.35214741050115866
proteins	0.35214741050115866
proteins	0.35214741050115866
proteins	0.35214741050115866
proteins	0.35214741050115866
Reach	0.9575983891398451
Diverse	0.9575983891398451
Quantifiable	0.9575983891398451
Levels	0.846487278028734
Minor	0.846487278028734
terms	0.3973143626195474
proteins	0.36015076073982133
proteins	0.36015076073982133
proteins	0.36015076073982133
proteins	0.36015076073982133
Reflect	0.7181987918548838
Increased	0.6348654585215505
Proteins	0.5027852501281208
Differences	0.46819879185488383
Osteoblasts	0.46819879185488383
donors	0.2318493830134593
donors	0.2318493830134593
donors	0.2318493830134593
donors	0.2318493830134593
proteins	0.22477494287307997
proteins	0.35214741050115866
proteins	0.35214741050115866
proteins	0.35214741050115866
proteins	0.35214741050115866
proteins	0.35214741050115866
ENPPI	0.9575983891398451
Formation	0.9575983891398451
GPNMB	0.846487278028734
ITGA11	0.7814914446152722
modulation	0.7814914446152722
ENPP1	1.7236771004517213
Bone	1.7236771004517213
mineralization	1.5236771004517213
mineralization	1.5236771004517213
GPNMB	1.5236771004517213
Interactions	2.872795167419535
integrins	2.872795167419535
ITGA11	2.3444743338458167
ITGA11	2.3444743338458167
TMEM119	1.3607977108829377
signaling	1.0596680003236736
signaling	1.0596680003236736
signaling	1.0596680003236736
GTPBP4	0.9071984739219585
EPHA2	0.6394020910488591
EPHA2	0.6394020910488591
EPHA2	0.6394020910488591
EPHA2	0.6394020910488591
levels	0.4689958076019372
osteoblasts	0.20079936966341766
osteoblasts	0.20079936966341766
osteoblasts	0.20079936966341766
proteins	0.19138446222889058
proteins	0.19138446222889058
osteoblast-associated	0.5943714139488694
proteins	0.4553630308204638
proteins	0.4553630308204638
proteins	0.4553630308204638
proteins	0.4553630308204638
cluster	0.4587015001002685
cluster	0.4587015001002685
proteins	0.306215139566225
proteins	0.306215139566225
proteins	0.306215139566225
Donors	1.0772981877823258
Osteoblast	0.8272981877823258
Number	0.5386490938911629
Show	0.5386490938911629
Younger	0.5386490938911629
donors	0.3757558966080203
donors	0.3757558966080203
donors	0.3757558966080203
donors	0.3757558966080203
female	0.2971857069744347
male/female	0.26932454694558144
could	0.21238699973476252
years	0.19676429398035136
years	0.19676429398035136
years	0.19676429398035136
Culture	1.692974556057468
Including	0.9575983891398451
Suboptimal	0.846487278028734
Responses	0.846487278028734
Conditions	0.846487278028734
medium	0.349260288513865
medium	0.349260288513865
medium	0.349260288513865
IMDM	0.2881223334491593
IMDM	0.2881223334491593
abundance	0.30269225004534966
proteins	0.2934561754176322
proteins	0.2934561754176322
proteins	0.2934561754176322
proteins	0.2934561754176322
network	0.49102370369957077
network	0.49102370369957077
network	0.49102370369957077
network	0.49102370369957077
proteins	0.3395707172689745
levels	0.3968426064324084
levels	0.3968426064324084
functions/extracellular	0.33147636547148485
important	0.3250821599599882
important	0.3250821599599882
Suboptimal	1.5236771004517213
Responses	1.5236771004517213
Conditions	1.5236771004517213
Culture	1.5236771004517213
Vitro	1.4066846003074902
suboptimal	0.33205889029720015
IMDM	0.3210506001290632
IMDM	0.3210506001290632
IMDM	0.3210506001290632
donors	0.3113406000466454
cell	0.33102399946952504
culture	0.31458893759609063
culture	0.31458893759609063
IMDM-induced	0.26932454694558144
proteins	0.24760364800862716
proteins	0.3087006520627041
proteins	0.3087006520627041
proteins	0.3087006520627041
proteins	0.3087006520627041
proteins	0.3087006520627041
Materials	3.016711500768725
Methods	2.724230250408147
Methods	2.724230250408147
Osteoblasts	1.8727951674195353
Human	1.7654858024570812
MSCs	1.4086893598266155
MSCs	1.4086893598266155
MSCs	1.4086893598266155
years	0.40622305854008023
years	0.40622305854008023
years	0.40622305854008023
years	0.40622305854008023
years	0.40622305854008023
Promocell	0.2714452126695624
code	0.19831361912980294
reference	0.17695702369318445
bone	0.1487352143473522
bone	0.1487352143473522
Samples	1.5629828892305444
Cell	1.5629828892305444
Samples	1.5629828892305444
Original	0.9575983891398451
Incubated	0.9575983891398451
cells	0.41750601949137767
cells	0.41750601949137767
cells	0.41750601949137767
cells	0.41750601949137767
Tris-HCl	0.33147636547148485
medium	0.3243131250485889
medium	0.3243131250485889
medium	0.3243131250485889
code	0.29983130511291634
PromoCell	0.2720851965092359
Sample	2.872795167419535
Proteomics	2.872795167419535
Preparation	2.539461834086202
sample	0.31038906969038726
sample	0.31038906969038726
sample	0.31038906969038726
sample	0.31038906969038726
digestion	0.2780124355567292
Spectrometry	1.4363975837097676
Tandem	1.4363975837097676
Mass	1.269730917043101
Liquid	1.269730917043101
Chromatography	1.269730917043101
Thermo	0.40096765801361084
Scientific	0.37018015797565523
Scientific	0.37018015797565523
Scientific	0.37018015797565523
tryptic	0.22679961848048963
Bioinformatical	2.872795167419535
Analyses	2.539461834086202
Statistical	2.0988191357904142
Z-statistics	0.39777163856578185
Z-statistics	0.39777163856578185
t-test	0.32461952314788234
t-test	0.32461952314788234
Proteins	0.2784656769940362
version	0.23359007655030375
version	0.23359007655030375
accessed	0.17925612946490838
accessed	0.17925612946490838
Consortium	0.17925612946490838
request	1.0883407860369436
request	1.0883407860369436
author	1.00477471450535
author	1.00477471450535
corresponding	0.8301472257430003
Introduction	6.03342300153745
diagnosis	0.25825035600876634
nondiffuse	0.14607433054675603
cancer-related	0.14607433054675603
Gastric	0.14607433054675603
prognosis	0.14607433054675603
apoptosis	0.18872377012245123
apoptosis	0.18872377012245123
proliferation	0.15401656207746242
RNAs	0.15401656207746242
proliferation	0.15401656207746242
mRNAs	0.16172389030141202
mRNAs	0.16172389030141202
mRNAs	0.16172389030141202
mRNAs	0.16172389030141202
dysregulated	0.1315784046146352
Materials	3.016711500768725
Methods	2.724230250408147
Methods	2.724230250408147
Microarray	3.516711500768725
Data	2.0474117731007966
Agilent	0.46643176544440446
Agilent	0.46643176544440446
gastric	0.43061773478800713
profile	0.43061773478800713
tissues	0.3439827858525677
Processing	4.309192751129303
Data	2.0474117731007966
compare	0.2572652388733912
normalization	0.1975637463360778
normalization	0.1975637463360778
normalization	0.1975637463360778
samples	0.1754304082440678
Regulatory	2.1545963755646516
circRNA-miRNA-mRNA	1.9045963755646516
Construction	1.7583557503843625
Network	1.574114351842811
miRNAs	0.48855526106596575
miRNAs	0.48855526106596575
miRNAs	0.48855526106596575
intersected	0.2498082754277857
intersected	0.2498082754277857
Functional	2.0111410005124832
Enrichment	1.8727951674195353
Analysis	1.5704983022166958
Analysis	1.5704983022166958
KEGG	0.45644037946611077
DEGs	0.3757558966080203
DEGs	0.3757558966080203
DEGs	0.3757558966080203
enrichment	0.3124774248971219
Inflammation-Related	2.872795167419535
Targets	2.539461834086202
Identification	2.0111410005124832
GenCLiP	0.4862799256760812
targets	0.47816046827732817
targets	0.47816046827732817
targets	0.47816046827732817
GeneCards	0.29929459581010426
Network	2.0988191357904142
Identification	2.0111410005124832
Gene	1.4828201669387646
Gene	1.4828201669387646
node	0.31516121439326694
Cytoscape	0.31516121439326694
node	0.31516121439326694
Cytoscape	0.31516121439326694
network	0.30688981481223165
Exploring	1.2311979288940866
Cancer	1.0883407860369436
Genomics	1.0883407860369436
cBioPortal	0.899493915338749
cBioPortal	0.899493915338749
cBioPortal	0.2209283300832015
cBioPortal	0.2209283300832015
cBioPortal	0.2209283300832015
genomic	0.18101592574109854
cancer	0.17661133338727894
Validation	2.3444743338458167
Oncomine	2.2061285007528686
Analysis	1.5704983022166958
Analysis	1.5704983022166958
tissue	0.3726854674803594
tissue	0.3726854674803594
tissue	0.3726854674803594
normal	0.265436332769019
type	0.17316710507456037
Plotter	4.309192751129303
Kaplan-Meier	3.309192751129303
survival	0.44656653978015554
survival	0.44656653978015554
curves	0.2418535080082097
curves	0.2418535080082097
cancer	0.23968680959702143
Results	5.618385502258606
Screening	1.9045963755646516
miRNAs	1.4045963755646516
miRNAs	1.4045963755646516
miRNAs	1.4045963755646516
circRNAs	1.3621151252040735
downregulated	0.33492490483511667
downregulated	0.33492490483511667
downregulated	0.33492490483511667
upregulated	0.31516121439326694
upregulated	0.31516121439326694
ceRNA	2.539461834086202
Construction	2.3444743338458167
Network	2.0988191357904142
miRNAs	0.7420509153926461
miRNAs	0.7420509153926461
miRNAs	0.7420509153926461
mRNAs	0.29979947588893835
mRNAs	0.29979947588893835
pairs	0.4269926130489423
pairs	0.4269926130489423
pairs	0.4269926130489423
miRNAs	0.36247648401668425
miRNAs	0.36247648401668425
Selected	1.7236771004517213
Functional	1.20668460030749
Enrichment	1.1236771004517212
DEGs	1.089692100163259
DEGs	1.089692100163259
enriched	0.3684967059729506
enriched	0.3684967059729506
terms	0.24974045650371549
Figure	0.19937728487506512
Figure	0.19937728487506512
Network	3.148228703685622
Analysis	2.3557474533250438
Analysis	2.3557474533250438
degree	0.5134954268993748
degree	0.5134954268993748
degree	0.5134954268993748
closeness centrality	0.4457785604616521
node	0.22822018973305538
Genetic	2.872795167419535
Alterations	2.872795167419535
Genes	1.937010193400334
mutations	0.32035874344446635
mutations	0.32035874344446635
mutations	0.32035874344446635
alterations	0.31121340714767476
missense	0.3050755930003046
alteration	0.29929459581010426
alteration	0.29929459581010426
alteration	0.29929459581010426
cutoff	0.2816334256280258
cutoff	0.2816334256280258
Validation	2.3444743338458167
Genes	1.937010193400334
Expression	1.8161535002720979
levels	0.3224346177263318
levels	0.3224346177263318
IGFBP5	0.282816703197068
IGFBP5	0.282816703197068
IGFBP5	0.282816703197068
Survival	4.309192751129303
Analysis	2.3557474533250438
Analysis	2.3557474533250438
poor	0.43423844188767197
patients	0.40076072966903464
patients	0.40076072966903464
According	0.262702948353745
plotter	0.2425318276392224
upon	0.7618385502258607
request	0.7618385502258607
request	0.7618385502258607
author	0.7033423001537451
author	0.7033423001537451
Background	7.618385502258606
antigens	0.2557608364195436
antigens	0.2557608364195436
antigens	0.2557608364195436
vaccines	0.24066856371849477
vaccines	0.24066856371849477
immune	0.2623523919738018
responses	0.24212627417504176
responses	0.24212627417504176
Peptides	0.23939959728496127
induce	0.2116218195071835
vaccines	0.31516121439326694
vaccines	0.31516121439326694
clinical	0.27671574191433346
epitope-based	0.2051996548156811
formulations	0.18139013100615728
predictions	0.2028757992010395
predictions	0.2028757992010395
predictions	0.2028757992010395
predictions	0.2028757992010395
predictions	0.2028757992010395
prediction	0.19656130602231844
prediction	0.19656130602231844
prediction	0.19656130602231844
prediction	0.19656130602231844
servers	0.19509391478827326
Results	5.618385502258606
Classification	8.618385502258606
MAPPP	0.319199463046615
ProPred1	0.319199463046615
ProPred1	0.319199463046615
BIMAS	0.2798425514387219
BIMAS	0.2798425514387219
non-binders	0.3447670286592829
non-binders	0.3447670286592829
non-binders	0.3447670286592829
non-binders	0.3447670286592829
binders	0.30265470899264246
classification	0.40969520927392067
classification	0.40969520927392067
predictors	0.32073559461635964
predictors	0.32073559461635964
properties	0.30580100006684563
best	0.41617670387100786
MHCI_SM	0.319199463046615
prediction	0.3130420799614701
prediction	0.3130420799614701
prediction	0.3130420799614701
Prediction	2.3444743338458167
affinity	1.6036768600670008
affinity	1.6036768600670008
affinity	1.6036768600670008
binding	1.1913304609667175
binding	0.2484592939984063
binding	0.2484592939984063
binding	0.2484592939984063
binding	0.2484592939984063
predictors	0.23669257784522796
consistency	0.3379759020493571
predictors	0.2892909284775009
predictors	0.2892909284775009
survivin	0.2595445295003375
survivin	0.2595445295003375
Non-linear	4.309192751129303
transformations	3.016711500768725
transformations	3.016711500768725
predictors	0.37116571955603883
predictors	0.37116571955603883
show	0.23921140072527433
binding	0.20230139903208413
binding	0.20230139903208413
improvements	0.2987602157748473
output	0.25348192653701784
output	0.25348192653701784
scaling	0.2068653823981603
predictors	0.19286061898500056
Prediction	2.3444743338458167
T-cell	1.67780766717915
epitopes	1.67780766717915
T-cell	1.67780766717915
epitopes	1.67780766717915
epitopes	0.26034946559676464
epitopes	0.26034946559676464
epitopes	0.26034946559676464
epitopes	0.26034946559676464
merged	0.2425318276392224
false	0.23355185812403034
threshold	0.2249431192335872
threshold	0.2249431192335872
threshold	0.2249431192335872
practical	0.2224099484453834
line	0.22385416888983395
line	0.22385416888983395
predictions	0.2160495523959122
predictions	0.2160495523959122
predictions	0.2160495523959122
best	0.36247648401668425
epitopes	0.3247369678411258
epitopes	0.3247369678411258
T-cell	0.3247369678411258
epitopes	0.3247369678411258
Methods	5.448460500816294
Methods	5.448460500816294
servers	0.21649131189408388
servers	0.21649131189408388
servers	0.21649131189408388
servers	0.21649131189408388
predictions	0.1788797369299488
sets	2.1852289944075105
sets	2.1852289944075105
sets	2.1852289944075105
sets	2.1852289944075105
Data	2.0474117731007966
spanning	0.4924791715576346
full	0.4353363144147775
peptides	0.4123740497315145
peptides	0.4123740497315145
peptides	0.4123740497315145
HLA-A*0201	0.24058059480816651
HLA-A*0201	0.24058059480816651
peptides	0.2025697086400422
peptides	0.2025697086400422
peptides	0.2025697086400422
Predictions	3.809192751129303
comparisons	2.9055152901005012
comparisons	2.9055152901005012
comparisons	2.9055152901005012
prediction	0.6260841599229402
prediction	0.6260841599229402
prediction	0.6260841599229402
prediction	0.6260841599229402
classification	0.34899962271482127
axis	0.29214866109351206
plot	0.22435205092402055
rate	0.20452281361143898
rate	0.20452281361143898
thresholds	0.19698408746444077
affinities	1.6545963755646516
affinities	1.6545963755646516
average	1.574114351842811
individual	1.3621151252040735
experimental	1.2897384709053272
average	1.574114351842811
individual	1.3621151252040735
peptide	1.2294864460293786
peptide	1.2294864460293786
peptide	1.2294864460293786
formula	0.7033423001537451
series	0.7033423001537451
represent	0.603342300153745
comparisons	0.5811030580201003
except	0.5811030580201003
epitopes	0.3595302143955321
epitopes	0.3595302143955321
epitopes	0.3595302143955321
epitopes	0.3595302143955321
positive	0.2696476607966491
Scaling	4.309192751129303
transformations	3.016711500768725
transformations	3.016711500768725
visual	0.4103993096313622
inspection	0.4103993096313622
value	0.4091864197496422
value	0.4091864197496422
value	0.4091864197496422
ymax	1.2311979288940866
ymin	1.2311979288940866
value	1.2275592592489266
value	1.2275592592489266
value	1.2275592592489266
transform	0.32522209442485306
transform	0.32522209442485306
square	0.2874862453682493
non-linear	0.23760216631589598
transformations	0.22767633968065848
non-linearly	1.2311979288940866
prediction	1.2074480227085276
prediction	1.2074480227085276
prediction	1.2074480227085276
prediction	1.2074480227085276
reveal	0.6925805002053279
transformed	0.6925805002053279
post-processing	0.6394020910488591
improved	0.601671409296237
optimized	0.601671409296237
Introduction	6.03342300153745
intervention	0.3385949112114936
intervention	0.3385949112114936
RYGB	0.2941504667670492
RYGB	0.2941504667670492
RYGB	0.2941504667670492
mitochondrial	0.4850636552784448
skeletal	0.300570547251776
muscle	0.2906061466685486
insulin	0.21711922094383598
receptor	0.21711922094383598
black	0.2370816742091275
population	0.17119967420805857
population	0.17119967420805857
population	0.17119967420805857
people	0.17119967420805857
Methods	5.448460500816294
Methods	5.448460500816294
Collection	2.1545963755646516
Subjects	1.9045963755646516
Clinical	1.7583557503843625
Data	1.0237058865503983
Center	0.34473542009034425
Medical	0.26473542009034423
females	0.17236771004517212
Surgery	0.17236771004517212
participants	0.17236771004517212
plasma	0.2651810923771879
Post	0.2651810923771879
Post	0.2651810923771879
calculated	0.2220475652400463
glucose	0.21641301543192157
Biopsies	2.872795167419535
Muscle	2.3444743338458167
Skeletal	2.0988191357904142
Approximately	0.38931679425050625
muscle	0.33049326483874153
tissue	0.2830017988353531
tissue	0.2830017988353531
tissue	0.2830017988353531
Profiling	2.872795167419535
Expression	1.8161535002720979
Gene	1.4828201669387646
Gene	1.4828201669387646
microarray	0.4197638271580829
microarray	0.4197638271580829
microarray	0.4197638271580829
Affymetrix	0.38091927511293033
Affymetrix	0.38091927511293033
PLIER	0.3312341522721133
PLIER	0.3312341522721133
Probe	0.2810343098562589
Probe	0.2810343098562589
files	0.21581691855191107
Expression	1.5567030002332267
Differential	1.2311979288940866
Interpretation	1.2311979288940866
Biological	1.0883407860369436
Analysis	0.6730707009500124
time	0.20307417478043158
time	0.20307417478043158
Analysis	0.1702949966259068
Analysis	0.1702949966259068
Fisher’s	0.15947916872912304
Target	2.1545963755646516
Real-Time	1.9045963755646516
Validation	1.7583557503843625
Genes	1.4527576450502506
NADH:ubiquinone	0.30064135472995135
oxidoreductase	0.26575763379971884
subunit	0.20271036907677917
subunit	0.20271036907677917
subunit	0.20271036907677917
Analyses	3.809192751129303
Statistical	3.148228703685622
normality	0.3023994913073195
normality	0.3023994913073195
OriginLab	0.2673117720090739
OriginLab	0.2673117720090739
OriginLab	0.2673117720090739
Results	5.618385502258606
Characteristics	4.309192751129303
Clinical	3.516711500768725
HOMA-IR	0.2971857069744347
HOMA-IR	0.2971857069744347
significantly	0.28240162387597195
significantly	0.28240162387597195
following	0.27739875869137703
Muscle	1.4066846003074902
Global	1.3236771004517214
Skeletal	1.2592914814742489
Expression	1.089692100163259
Gene	0.8896921001632588
probes	0.628481562660151
time	0.3511490938911629
time	0.3511490938911629
significant	0.3219581666745948
group	0.2831826663130167
Pre-Surgery	1.0772981877823258
Metabolism	0.9522981877823258
Oxidative	0.8791778751921813
Muscle	0.8791778751921813
Skeletal	0.7870571759214054
genes	0.19546253976010067
genes	0.19546253976010067
genes	0.19546253976010067
genes	0.19546253976010067
genes	0.19546253976010067
Expression	0.7783515001166134
Gene	0.6354943572594706
Gene	0.6354943572594706
Individuals	0.6155989644470433
1-Year	0.6155989644470433
CCDC90A	0.3590993959274419
CCDC90A	0.3590993959274419
post-surgery	0.2623523919738018
post-surgery	0.2623523919738018
skeletal	0.24212627417504176
diabetes	0.30927035057283203
diabetes	0.30927035057283203
post-surgery	0.2942269816528618
post-surgery	0.2942269816528618
genes	0.2603122608954611
repositories	0.6155989644470433
repository/repositories	0.6155989644470433
number(s	0.6155989644470433
article	0.5441703930184718
accession	0.5441703930184718
Main	7.618385502258606
macromolecules	0.3747124131416785
macromolecules	0.3747124131416785
channels	0.30580100006684563
channels	0.30580100006684563
channels	0.30580100006684563
cardiac	0.22407016183113548
channels	0.2068653823981603
channels	0.2068653823981603
channels	0.2068653823981603
temperature	0.2037523015702326
findings	0.23409939592744192
findings	0.23409939592744192
striking	0.17954969796372094
Similar	0.17954969796372094
TRPV1	0.17954969796372094
Structure	2.539461834086202
determination	2.539461834086202
TRPM4	1.253468169043678
TRPM4	1.253468169043678
TRPM4	0.2593382418711058
TRPM4	0.2593382418711058
physiological	0.23142174719712413
temperature	0.21233956332223478
temperature	0.21233956332223478
conformations	0.2809192751129303
conformations	0.2809192751129303
conformations	0.2809192751129303
domain	0.2224230250408147
domain	0.2224230250408147
TRPM4	0.24524377220419788
TRPM4	0.24524377220419788
conformation	0.21382372974423974
conformation	0.21382372974423974
conformation	0.21382372974423974
architecture	2.1545963755646516
shapes	2.1545963755646516
Temperature	1.6545963755646516
TRPM4	0.9401011267827586
TRPM4	0.9401011267827586
state	0.4842525483500835
state	0.4842525483500835
state	0.4842525483500835
agonist	0.31743272926077526
vertical	0.31743272926077526
site	0.5727417357382145
site	0.5727417357382145
site	0.5727417357382145
DVT-binding	0.36278026201231456
interface	0.31516121439326694
pore	0.17745361769227794
pore	0.17745361769227794
state	0.1709126641235589
state	0.1709126641235589
state	0.1709126641235589
open	0.322835032233389
pore	0.2234601111680537
pore	0.2234601111680537
state	0.21522335482225935
state	0.21522335482225935
dynamics	2.3444743338458167
conformational	2.0111410005124832
TRPM4	1.253468169043678
TRPM4	1.253468169043678
domains	0.20099820325797307
domains	0.20099820325797307
domains	0.20099820325797307
yellow	0.19788014291580797
yellow	0.19788014291580797
site	0.31240458312993524
site	0.31240458312993524
site	0.31240458312993524
Cawarm	0.25785917541267295
Cawarm	0.25785917541267295
physiological	0.33556153343583
TRPM4	0.3342581784116475
TRPM4	0.3342581784116475
potentials	0.2941504667670492
potentials	0.2941504667670492
determines	2.872795167419535
Temperature	2.2061285007528686
binding	1.1913304609667175
binding	1.1913304609667175
binding	1.1913304609667175
sites	0.2208835338168768
sites	0.2208835338168768
sites	0.2208835338168768
This	0.1524488313701771
structural	0.1273377001797321
DVTwarm	0.27671574191433346
DVTwarm	0.27671574191433346
site	0.2290966942952858
site	0.2290966942952858
site	0.2290966942952858
electrostatic	0.3023994913073195
sites	0.28676107899033126
sites	0.28676107899033126
sites	0.28676107899033126
cavity	0.2673117720090739
opening	2.3444743338458167
opening	2.3444743338458167
channel	1.8161535002720979
channel	1.8161535002720979
channel	1.8161535002720979
Ca2+–TRPM4warm	0.24217143874504785
Ca2+–TRPM4warm	0.24217143874504785
Ca2+–TRPM4warm	0.24217143874504785
DVTwarm	0.22350117616157703
DVTwarm	0.22350117616157703
helix	0.39710313013551635
helix	0.39710313013551635
towards	0.34866183481206015
side	0.281336920061498
side	0.281336920061498
dictates	2.872795167419535
Temperature	2.2061285007528686
binding	1.1913304609667175
binding	1.1913304609667175
binding	1.1913304609667175
inhibited	0.3312341522721133
inhibitory	0.3312341522721133
inhibitor	0.19183726093503206
inhibitor	0.19183726093503206
concentration	0.16843566899133341
domain	0.26690763004897766
domain	0.26690763004897766
domain	0.26690763004897766
domain	0.26690763004897766
tail	0.17236771004517212
non-conducting	0.3590993959274419
conformation	0.25614300958945385
conformation	0.25614300958945385
conformation	0.25614300958945385
warm	0.20972595839739375
Methods	5.448460500816294
Methods	5.448460500816294
purification	1.7236771004517213
Human	1.0592914814742487
TRPM4	0.7520809014262069
TRPM4	0.7520809014262069
expression	0.697820497062728
buffer	0.37404697469532144
buffer	0.37404697469532144
buffer	0.37404697469532144
buffer	0.37404697469532144
supplemented	0.30171823771321216
preparation	1.6545963755646516
preparation	1.6545963755646516
acquisition	1.574114351842811
acquisition	1.574114351842811
sample	1.2027576450502506
calcium	0.39405442253061757
chloride	0.39405442253061757
incubated	0.300570547251776
liquid	0.21711922094383598
TRPM4	0.19450368140332935
liquid	0.3703798474924261
sample	0.2830017988353531
sample	0.2830017988353531
sample	0.2830017988353531
sample	0.2830017988353531
electron	0.4136490938911629
Titan	0.26932454694558144
Krios	0.26932454694558144
Images	0.26932454694558144
microscope	0.21979446879804532
electron	0.4727418215899004
Ca2+-containing	0.2720851965092359
Arctica	0.2720851965092359
magnification	0.2511936786263375
nominal	0.2511936786263375
electron	0.4727418215899004
Ca2+/DVT/ATP-containing	0.30779948222352166
Arctica	0.2720851965092359
automated	0.2511936786263375
Gatan	0.2511936786263375
Cryo-electron	1.7236771004517213
procedure	1.2592914814742489
procedure	1.2592914814742489
microscopy	1.20668460030749
data	0.5891920320574222
refinement	0.3423302845995831
picking	0.2971857069744347
CryoSPARC	0.2971857069744347
rounds	0.2971857069744347
CryoSPARC	0.2971857069744347
symmetry	0.37679051793950624
symmetry	0.37679051793950624
refined	0.2720851965092359
local	0.22487347883468725
followed	0.19458787502915334
symmetry	0.502387357252675
symmetry	0.502387357252675
monomer	0.4103993096313622
refined	0.36278026201231456
followed	0.25945050003887116
shell	0.8618385502258606
Fourier	0.8618385502258606
estimates	0.7618385502258607
criterion	0.7618385502258607
criterion	0.7618385502258607
Model	3.809192751129303
Model	3.809192751129303
building	3.309192751129303
building	3.309192751129303
models	0.32024445978670674
COOT	0.2780124355567292
COOT	0.2780124355567292
generated	0.26363518552336906
generated	0.26363518552336906
Electrophysiology	8.618385502258606
solution	0.24575437104060024
whole-cell	0.23167702963060774
HEPES	0.23167702963060774
CaCl2	0.23167702963060774
CaCl2	0.23167702963060774
Reporting	3.809192751129303
summary	3.309192751129303
summary	3.309192751129303
design	0.7834895911144187
the Nature	0.7834895911144187
research	0.6925805002053279
article	0.6925805002053279
Portfolio	0.6925805002053279
Online	4.309192751129303
content	3.809192751129303
information	0.36429228030500105
information	0.36429228030500105
information	0.36429228030500105
information	0.36429228030500105
information	0.36429228030500105
information	2.4589728920587572
information	2.4589728920587572
information	2.4589728920587572
information	2.4589728920587572
information	2.4589728920587572
subunit	0.8503947190538051
subunit	0.8503947190538051
subunit	0.8503947190538051
subunit	0.8503947190538051
Ca2+/ATP–TRPM4warm	0.7432571221715714
Introduction	6.03342300153745
alignments	0.40904562722287796
alignments	0.40904562722287796
alignments	0.40904562722287796
alignments	0.40904562722287796
genome	0.2694596144056869
genomes	0.43856834567554737
genomes	0.43856834567554737
genomes	0.43856834567554737
sequenced	0.3415145095209878
sequenced	0.3415145095209878
comparative	0.28949229459178133
provide	0.20038036483451732
mammals	0.19753827160327556
mammals	0.19753827160327556
mammals	0.19753827160327556
Discussion	4.309192751129303
Results	2.809192751129303
Generating	1.7236771004517213
mammals	0.8592914814742487
multiple	0.8592914814742487
mammals	0.8592914814742487
mammals	0.8592914814742487
compute	0.43423844188767197
mammals	0.29630740740491335
mammals	0.29630740740491335
mammals	0.29630740740491335
shown	0.2914529709986101
element	1.5236771004517213
Comparative	1.3236771004517214
annotation	0.9835891568235029
annotation	0.9835891568235029
conserved	0.8066846003074901
intact	0.5386490938911629
exons	0.3935285879607027
exons	0.3935285879607027
exons	0.3935285879607027
exons	0.3935285879607027
purifying	0.2930592917307271
purifying	0.2930592917307271
GERP	0.2757660625941086
GERP	0.2757660625941086
GERP	0.2757660625941086
Quantifying	1.4363975837097676
Case	1.269730917043101
divergence	1.269730917043101
ultraconserved	1.1030642503764343
elements	0.8598256472702182
UCEs	0.26175813424328837
UCEs	0.26175813424328837
UCEs	0.26175813424328837
UCEs	0.26175813424328837
elements	0.23238531007303193
substitution	0.3771477971415152
substitution	0.3771477971415152
compute	0.1870234873476607
shared	0.1870234873476607
base	0.17921058420408267
nucleotide	0.347329530940121
average	0.31093616826524656
median	0.28696447309634576
bound	0.28696447309634576
bound	0.28696447309634576
UCEs	0.447002352323154
UCEs	0.447002352323154
UCEs	0.447002352323154
UCEs	0.447002352323154
variable	0.2716132003780125
Evolution	1.4363975837097676
mammal-specific	1.4363975837097676
Case	1.269730917043101
placental	0.7043446799133077
enhancers	0.6824705910335989
enhancers	0.38218353097881536
enhancers	0.38218353097881536
enhancers	0.38218353097881536
enhancers	0.38218353097881536
origin	0.34473542009034425
mammalian	0.33940438473121054
enhancers	0.3149864266308918
enhancers	0.3149864266308918
enhancers	0.3149864266308918
enhancers	0.3149864266308918
enhancers	0.3365608394138296
enhancers	0.3365608394138296
enhancers	0.3365608394138296
enhancers	0.3365608394138296
placenta	0.28904478088510066
motifs	0.2498594209274303
motifs	0.2498594209274303
enhancers	0.1949915974381711
enhancers	0.1949915974381711
enhancers	0.1949915974381711
placenta	0.5410325385798039
placenta	0.5410325385798039
evolution	0.43218350017373897
evolution	0.43218350017373897
evolution	0.43218350017373897
Summary	7.618385502258606
alignment	0.33825781382841547
alignment	0.33825781382841547
alignment	0.33825781382841547
multiple-genome	0.3241866171173875
comparative	0.26793435776047847
Materials	3.016711500768725
Methods	2.724230250408147
Methods	2.724230250408147
Phylogeny	8.618385502258606
phylogeny	0.9017208976330063
based	0.5305323847409682
placed	0.44196848729531313
O'Leary	0.44196848729531313
Meredith	0.44196848729531313
Genome	3.148228703685622
alignment	1.987264656241941
alignment	1.987264656241941
alignment	1.987264656241941
lastz	0.5975204315496946
align	0.27582050986421375
parameters	0.2595445295003375
parameters	0.2595445295003375
pairwise	0.24691989832828407
nets	0.2930148270099464
nets	0.2930148270099464
nets	0.2930148270099464
alignment	0.17470458516412668
alignment	0.17470458516412668
alignment	0.3974529312483882
alignment	0.3974529312483882
alignment	0.3974529312483882
120-mammal	0.3148228703685622
species	0.2980896984362912
Identification	2.0111410005124832
regions	1.539461834086202
regions	1.539461834086202
regions	1.539461834086202
conserved	1.3444743338458167
GERP	0.4842721099213615
GERP	0.4842721099213615
GERP	0.4842721099213615
GERP	0.4842721099213615
tree	0.34309380495304637
Comparative	1.6545963755646516
CESAR	1.574114351842811
CESAR	1.574114351842811
annotation	1.2294864460293786
annotation	1.2294864460293786
transcripts	0.38018502711013247
transcripts	0.38018502711013247
transcripts	0.38018502711013247
gene	0.2763999029699722
gene	0.2763999029699722
divergence	3.809192751129303
analysis	1.0877210032049391
analysis	1.0877210032049391
analysis	1.0877210032049391
analysis	1.0877210032049391
UCEs	0.29055152901005016
UCEs	0.29055152901005016
UCEs	0.29055152901005016
UCEs	0.29055152901005016
columns	0.2262533625576544
positions	0.4293039141389484
positions	0.4293039141389484
bins	0.34629025010266395
bins	0.34629025010266395
position	0.34629025010266395
FANTOM	1.937010193400334
Analysis	1.5704983022166958
Analysis	1.5704983022166958
enhancers	1.3649411820671977
enhancers	1.3649411820671977
aligned	0.3521836715273335
identical	0.2742465000698841
identical	0.2742465000698841
non-placental	0.2611631970381396
clades	0.2131340303496197
Enrichment	1.1236771004517212
mammal–specific	1.089692100163259
placental	0.8452136158959693
enhancers	0.8189647092403187
enhancers	0.8189647092403187
placenta	0.31492938812854254
placenta	0.31492938812854254
enhancers	0.30558384673146216
enhancers	0.30558384673146216
enhancers	0.30558384673146216
Motif	1.5236771004517213
10-mers	1.1622061160402006
10-mers	1.1622061160402006
10-mers	1.1622061160402006
enrichment	0.9061845322016535
10-mers	0.47116464163791916
10-mers	0.47116464163791916
10-mers	0.47116464163791916
merged	0.38018502711013247
motifs	0.3403490490470943
Supporting	2.1545963755646516
Availability	1.9045963755646516
Materials	1.5083557503843625
Data	1.0237058865503983
browser	0.33940438473121054
browser	0.33940438473121054
UCSC	0.3228952516600638
data	0.22661232002208548
data	0.22661232002208548
Files	4.309192751129303
Additional	2.809192751129303
Additional	2.809192751129303
pairwise	0.366783926642985
chains	0.3212808496242041
chains	0.3212808496242041
chains	0.3212808496242041
chains	0.3212808496242041
UCEs	0.40076072966903464
UCEs	0.40076072966903464
UCEs	0.40076072966903464
UCEs	0.40076072966903464
Kendall	0.39405442253061757
Species	0.6155989644470433
Sharma	0.6155989644470433
Hiller	0.6155989644470433
145-vertebrate	0.6155989644470433
alignment	0.5677899017834117
Fraction	0.7834895911144187
Coordinates	0.6925805002053279
refers	0.6394020910488591
refers	0.6394020910488591
columns	0.5484930001397682
mouse	0.7033423001537451
mouse	0.7033423001537451
phenotypes	0.6618385502258607
phenotypes	0.6618385502258607
GREAT	0.603342300153745
enrichments	0.5027852501281208
GREAT	0.5027852501281208
GREAT	0.5027852501281208
Ontology	0.45403837506802447
Ontology	0.45403837506802447
FANTOM	0.645670064466778
mammal	0.6242650558065118
mammal	0.6242650558065118
contain	0.5884952674856937
specific	0.55926922239305
boldface	0.6348654585215505
Placenta-related	0.6348654585215505
mouse	0.5861185834614542
mouse	0.5861185834614542
phenotypes	0.5515321251882171
boldface	0.5441703930184718
Placenta-related	0.5441703930184718
GREAT	0.4309587858241036
enrichments	0.4309587858241036
GREAT	0.4309587858241036
Enriched	0.9522981877823258
motifs	0.7870571759214054
motifs	0.7870571759214054
10-mers	0.7263788225251253
10-mers	0.7263788225251253
Enriched	0.9522981877823258
motifs	0.7870571759214054
motifs	0.7870571759214054
10-mers	0.7263788225251253
10-mers	0.7263788225251253
Introduction	6.03342300153745
SSRs	0.31516121439326694
SSRs	0.31516121439326694
SSRs	0.31516121439326694
SSRs	0.31516121439326694
elements	0.24566447064863375
SAARs	0.28885966355851495
SAARs	0.28885966355851495
SAARs	0.28885966355851495
SAARs	0.28885966355851495
proteins	0.14809937824815084
study	0.210395744313903
study	0.210395744313903
study	0.210395744313903
study	0.210395744313903
study	0.210395744313903
Materials	3.016711500768725
Methods	2.724230250408147
Methods	2.724230250408147
Proteome	4.309192751129303
datasets	2.309192751129303
datasets	2.309192751129303
datasets	2.309192751129303
isoform	0.40096765801361084
proteome	0.2300241046744748
proteome	0.2300241046744748
proteome	0.2300241046744748
proteome	0.2300241046744748
Identification	3.016711500768725
SAARs	1.931749000047569
SAARs	1.931749000047569
SAARs	1.931749000047569
SAARs	1.931749000047569
event	0.5247047839476036
event	0.5247047839476036
event	0.5247047839476036
events	0.2732192102287508
length	0.2732192102287508
total	0.5803191465518105
residues	0.5068335349596552
residues	0.5068335349596552
residues	0.5068335349596552
residues	0.5068335349596552
Functional	2.0111410005124832
annotation	1.6393152613725048
annotation	1.6393152613725048
structural	1.5704983022166958
annotation	0.5176785035913173
annotation	0.5176785035913173
domain	0.35119425006444427
domain	0.35119425006444427
domain	0.35119425006444427
orthologs	1.5083557503843625
Protein	1.5083557503843625
conservation	1.3621151252040735
conservation	1.3621151252040735
SAAR	1.1121151252040735
pairs	0.36768808345881143
pairs	0.36768808345881143
pairs	0.36768808345881143
blastp	0.319199463046615
ortholog	0.26049714820509073
ontology	3.309192751129303
Gene	2.224230250408147
Gene	2.224230250408147
p-value	0.33147636547148485
overrepresentation	0.33147636547148485
Panther	0.2930148270099464
ontology	0.2545532885484079
categories	0.24217143874504785
Single	0.9522981877823258
organisation	0.8791778751921813
Codon	0.8272981877823258
Human	0.6620571759214054
repeats	0.5772981877823258
regions	0.26773249288455686
regions	0.26773249288455686
regions	0.26773249288455686
retrieved	0.20386733337789711
region	0.16285175368865526
Statistical	3.148228703685622
analysis	1.0877210032049391
analysis	1.0877210032049391
analysis	1.0877210032049391
analysis	1.0877210032049391
distance	0.6996063785968049
distance	0.6996063785968049
Canberra	0.5861185834614542
vectors	0.423243639014367
space	0.36768808345881143
vectors	0.9142062602710327
Canberra	0.562673840122996
densities	0.5294708401806885
densities	0.5294708401806885
amino	0.5071281695375816
performed	0.4342062602710327
using	0.3885697509405743
using	0.3885697509405743
function	0.3496366391052017
function	0.3496366391052017
Repeat	2.539461834086202
diseases	1.937010193400334
diseases	1.937010193400334
diseases	1.937010193400334
diseases	1.937010193400334
repeat	0.28373878968060234
genes	0.27632353091085654
genes	0.27632353091085654
genes	0.27632353091085654
genes	0.27632353091085654
Results	5.618385502258606
Human	1.7654858024570812
proteome	1.456819329605007
proteome	1.456819329605007
proteome	1.456819329605007
proteome	1.456819329605007
Distribution	1.9045963755646516
proteome	1.0926144972037553
proteome	1.0926144972037553
proteome	1.0926144972037553
proteome	1.0926144972037553
density	0.21884447832771523
density	0.21884447832771523
amino	0.2067098517136881
proteome	0.19001991255717482
proteome	0.19001991255717482
Physical	1.7236771004517213
properties	1.4066846003074902
properties	1.4066846003074902
acids	0.9622061160402006
acids	0.9622061160402006
events	0.309304766296699
events	0.309304766296699
events	0.309304766296699
events	0.309304766296699
SAAR	0.25179965098960155
association	1.4066846003074902
Functional	1.20668460030749
structural	0.9422989813300175
SAAR	0.8896921001632588
SAAR	0.8896921001632588
SAARs	0.38090825353050656
SAARs	0.38090825353050656
SAARs	0.38090825353050656
SAARs	0.38090825353050656
containing	0.319079060634385
activity	0.34866183481206015
activity	0.34866183481206015
activity	0.34866183481206015
glutamine	0.25185829629484974
glutamine	0.25185829629484974
functional	0.4863914046080653
domains	0.3893550100846271
domains	0.3893550100846271
domains	0.3893550100846271
SAARs	0.36448094340520165
disordered	0.3626512603977318
disordered	0.3626512603977318
regions	0.2530622193018414
regions	0.2530622193018414
regions	0.2530622193018414
Single	0.9522981877823258
Codon	0.8272981877823258
Human	0.6620571759214054
structure	0.6147432230146893
structure	0.6147432230146893
SSRs	0.4202149525243559
SSRs	0.4202149525243559
SSRs	0.4202149525243559
SSRs	0.4202149525243559
codons	0.29983130511291634
bias	0.31610889894550337
bias	0.31610889894550337
codon	0.28298684976949406
codon	0.28298684976949406
codon	0.28298684976949406
invertebrates	1.1722371669229084
Comparative	1.1030642503764343
vertebrates	1.0494095678952071
vertebrates	1.0494095678952071
among	0.769730917043101
Distribution	1.9045963755646516
species	0.9936323281209705
species	0.9936323281209705
species	0.9936323281209705
species	0.9936323281209705
SAAR	0.26773141903061026
SAAR	0.26773141903061026
SAAR	0.26773141903061026
density	0.20972595839739375
density	0.20972595839739375
Conservation	1.4363975837097676
orthologs	1.0055705002562416
among	0.769730917043101
SAARs	0.6439163333491896
SAARs	0.6439163333491896
pairs	0.24695468292009723
pairs	0.24695468292009723
pairs	0.24695468292009723
conservation	0.24396091794699823
conservation	0.24396091794699823
Gain	0.9575983891398451
scale	0.6996063785968049
orthologous	0.670380333504161
along	0.645670064466778
evolutionary	0.6242650558065118
events	0.4371507363660013
events	0.4371507363660013
events	0.4371507363660013
events	0.4371507363660013
SAAR	0.29656403338775295
structures	1.8161535002720979
structures	1.8161535002720979
Secondary	1.269730917043101
solved	1.1722371669229084
SAARs	0.6439163333491896
SAAR	0.3587468145819592
SAAR	0.3587468145819592
SAAR	0.3587468145819592
secondary	0.32024445978670674
structure	0.3172868247817751
Repeat	2.539461834086202
diseases	1.937010193400334
diseases	1.937010193400334
diseases	1.937010193400334
diseases	1.937010193400334
expansion	0.3632307000544196
expansion	0.3632307000544196
diseases	0.3099216309440535
diseases	0.3099216309440535
diseases	0.3099216309440535
