begin	4.098608346555026
Before	4.098608346555026
begins	1.5328694488516752
Describe	1.5328694488516752
researcher	1.5328694488516752
needs	1.268709032064816
protocol	1.0328694488516752
Order	2.299304173277513
samples	1.08480892449562
samples	1.08480892449562
samples	1.08480892449562
grids	1.049304173277513
BML-PW9310	1.5328694488516752
Enzo	1.5328694488516752
Life	1.1020423653981493
Life	1.1020423653981493
Sciences	1.0649769618420746
Non-cleavable	4.598608346555026
UBPBio	4.098608346555026
UBPBio	8.197216693110052
holes	0.7806873041057192
holes	0.7806873041057192
Quantifoil	0.5235025690446629
Quantifoil	0.5235025690446629
Quantifoil	0.5235025690446629
Prepare	3.806127096194448
buffer	2.033966838082543
buffer	2.033966838082543
buffer	2.033966838082543
buffer	2.033966838082543
Timing	6.612254192388896
filter	0.7500443997265678
filter	0.7500443997265678
filter	0.7500443997265678
1–2 weeks	0.7074782071623117
sulfate	0.6305551302392348
Download	4.598608346555026
EMDB	2.8688925372363774
EMDB	2.8688925372363774
EMDB	2.8688925372363774
EMDB	2.8688925372363774
Bank	0.5855580147991459
Bank	0.5855580147991459
Data	0.3696076361793302
Data	0.3696076361793302
www.rcsb.org	0.35373910358115584
equipment	4.598608346555026
Materials	3.01364584583387
Materials	3.01364584583387
Materials	3.01364584583387
Mark	1.147557014894551
Vitrobot	1.005458338333548
Vitrobot	1.005458338333548
Vitrobot	1.005458338333548
Scientific	0.9347309474106078
freezer	1.5328694488516752
automatic	1.3662027821850087
Microsystems	1.268709032064816
Alternatives	1.268709032064816
Microsystems	1.268709032064816
Cleaning	1.1710309561585788
easiGLOW	1.1710309561585788
PELCO	1.087464884626985
Glow	1.028173813301436
Discharge	1.028173813301436
SOLARUS	1.1496520866387565
cleaning	1.0246520866387565
Alternatives	0.951531774048612
advanced	0.8996520866387565
plasma	0.8594110747778363
operated	0.508634937876069
Summit	0.508634937876069
Titan	0.46363782243598
Krios	0.4519452767863608
detector	0.44136808265175037
Alternatives	0.5855580147991459
Arctica	0.5536320533161578
Talos	0.5536320533161578
operated	0.508634937876069
detector	0.44136808265175037
resources	1.4394433386220105
Computational	0.9197216693110053
table	0.7612254192388896
table	0.7612254192388896
table	0.7612254192388896
Computing	0.5748260433193783
GPUs	0.5748260433193783
Biowulf	0.5748260433193783
High-Performance	0.5748260433193783
http://hpc.nih.gov	0.5748260433193783
NVMe	0.7997579733139175
Registered	0.39987898665695876
CUDA	0.39987898665695876
Channel	0.39987898665695876
Storage	0.39987898665695876
RELION	0.7699802530074926
RELION	0.7699802530074926
RELION	0.7699802530074926
Computer	0.6569440495078608
hardware”	0.6569440495078608
microscopes	1.4149564143246234
microscopes	1.4149564143246234
JEOL	0.7074782071623117
Beside	0.7074782071623117
makes	0.49152782854249605
Step-by-step	3.0657388977033504
method	1.9584295327408967
method	1.9584295327408967
details	1.8322589916563201
details	1.8322589916563201
Sample	3.806127096194448
preparation	1.937644299111345
preparation	1.937644299111345
preparation	1.937644299111345
Timing	6.612254192388896
1 μg/μL	1.4149564143246234
namely	0.7074782071623117
1.1 μg/μL	0.7074782071623117
Thaw	0.7074782071623117
non-cleavable	0.47670897639308096
freeze-thaw	0.9197216693110053
receipt	0.9197216693110053
always	0.9197216693110053
reagents	0.8197216693110052
avoid	0.7612254192388896
ATP-γ-S	1.8394433386220106
ATP-γ-S	1.8394433386220106
zinc	0.8197216693110052
sulfate	0.8197216693110052
sulfate	0.8197216693110052
Always	1.8394433386220106
freshly	1.6394433386220104
CRITICAL	1.4394433386220105
prepared	0.9750577196445381
prepared	0.9750577196445381
microcentrifuge	3.0449016769555586
Pre-cool	1.8394433386220106
bench-top	1.8394433386220106
tubes	1.6394433386220104
Column	0.6569440495078608
Obtain	0.6569440495078608
column’s	0.6569440495078608
loosen	0.6569440495078608
Desalting	0.6569440495078608
spin	1.0219129659011168
storage	1.0219129659011168
tube	0.9108018547900057
Place	0.9108018547900057
microcentrifuge	0.8458060213765439
flow-through	1.4904030351109185
flow-through	1.4904030351109185
Discard	0.8361106084645502
Repeat	0.6920231083989906
Spin	0.6920231083989906
column	1.083397466271709
column	1.083397466271709
column	1.083397466271709
tube	0.9108018547900057
microcentrifuge	0.8458060213765439
recovery	1.1496520866387565
sample	0.951224817582823
sample	0.951224817582823
sample	0.951224817582823
sample	0.951224817582823
sample-loaded	1.1496520866387565
Collect	1.1496520866387565
flow-through	1.0246520866387565
flow-through	1.0246520866387565
Spin	0.951531774048612
Repeat	1.087464884626985
exchange	1.028173813301436
non-cleavable	0.8853166704442931
steps	0.7181845273811056
steps	0.7181845273811056
NP0322Box	0.7074782071623117
Bis-Tris	0.6305551302392348
NuPAGE	0.6305551302392348
purity	0.5536320533161578
Troubleshooting	0.5536320533161578
Incubate	1.0219129659011168
molar	0.8458060213765439
non-cleavable	0.6885796325677835
mixture	0.669699076851971
mixture	0.669699076851971
incubating	0.5109564829505584
prepare	0.5109564829505584
take	0.5109564829505584
glow-discharge	0.4554009273950029
glow-discharge	0.4554009273950029
Commercial	0.9197216693110053
desalting	0.9197216693110053
needs	0.7612254192388896
removed	0.602729169166774
contain	0.602729169166774
Mark	0.9562975124121258
Cryo-EM	0.8516256419766188
Vitrobot	0.83788194861129
Vitrobot	0.83788194861129
Vitrobot	0.83788194861129
Timing	6.612254192388896
humidifier	1.8394433386220106
distilled	1.8394433386220106
Turn	1.8394433386220106
fill	1.6394433386220104
Vitrobot	1.005458338333548
Setup	1.3138880990157216
climate	1.3138880990157216
equilibrated	1.1710309561585788
chamber	0.9446077417698422
chamber	0.9446077417698422
grade	1.028173813301436
grade	1.028173813301436
Pella	0.9821840854603843
Pella	0.9821840854603843
Pella	0.9821840854603843
saturated	0.7074782071623117
replace	0.7074782071623117
become	0.5855580147991459
generally	0.5536320533161578
chamber	0.508634937876069
liquid	0.9710008826081886
ethane	0.8861453987982467
ethane	0.8861453987982467
ethane	0.8861453987982467
nitrogen	0.5568764313159509
burns	0.7074782071623117
skin	0.7074782071623117
explosive	0.7074782071623117
extremely	0.7074782071623117
Ethane	0.7074782071623117
video	0.6831013910925043
video	0.6831013910925043
ethane	0.4676878493657413
ethane	0.4676878493657413
ethane	0.4676878493657413
holder	0.4971468482762191
grid	0.4058416578717667
grid	0.4058416578717667
grid	0.4058416578717667
glow-discharge	0.3323195956666237
tweezers	1.2262955590813402
Vitrobot	0.670305558889032
Vitrobot	0.670305558889032
Vitrobot	0.670305558889032
load	0.6131477795406701
side	0.7852538535669943
side	0.7852538535669943
onto	0.7070413113809239
Apply	0.6569440495078608
grid	0.6129037282145048
touch	0.8361106084645502
pipet	0.8361106084645502
grid	0.7800592904548243
grid	0.7800592904548243
grid	0.7800592904548243
Blot	2.299304173277513
blotting	1.549304173277513
blotting	1.549304173277513
force	1.4688221495556726
grid	1.0725815243753833
Vitrobot	0.4309107164286634
Vitrobot	0.4309107164286634
Vitrobot	0.4309107164286634
blot	0.3651349583458542
grid	0.2451614912858019
Plunge	1.799304173277513
ethane	1.403063548097224
ethane	1.403063548097224
ethane	1.403063548097224
liquid	1.153063548097224
submerged	1.1496520866387565
grid	1.0725815243753833
grid	1.0725815243753833
grid	1.0725815243753833
keeping	0.8996520866387565
coverage	0.6569440495078608
Repeat	0.5437324423134925
ranging	0.514086906650718
optimized	0.49109204273019214
blotting	0.44265833522214654
bend	1.3138880990157216
careful	1.3138880990157216
grids	1.1992047694600148
grids	1.1992047694600148
grids	1.1992047694600148
Store	0.9197216693110053
screening	0.7612254192388896
Troubleshooting	0.7197216693110052
Troubleshooting	0.7197216693110052
nitrogen	0.5290326097501533
transferring	0.3678886677244021
Caltech	0.3278886677244021
course	0.3278886677244021
Professor	0.3278886677244021
http://cryo-em-course.caltech.edu	0.3278886677244021
Dewar	0.7074782071623117
Pause	0.7074782071623117
months	0.7074782071623117
point	0.49152782854249605
point	0.49152782854249605
Mark	1.147557014894551
Cryo-EM	1.0219507703719426
Vitrobot	1.005458338333548
Vitrobot	1.005458338333548
Vitrobot	1.005458338333548
Image	2.0657388977033504
collection	1.557884912351013
collection	1.557884912351013
collection	1.557884912351013
data	1.0888264518490551
3–5 days	4.598608346555026
Timing	3.306127096194448
station	0.4840640364794764
individually	0.4840640364794764
referred	0.4840640364794764
clip	0.4840640364794764
C-clip	0.4840640364794764
AutoGrids	1.1710309561585788
AutoGrids	1.1710309561585788
cassette	1.028173813301436
Transfer	1.028173813301436
autoloader	1.028173813301436
Load	0.5748260433193783
autoloader	0.44982604331937825
operating	0.44982604331937825
cassette	0.44982604331937825
Summit	0.413265887024306
Scan	0.5109564829505584
quantity	0.5109564829505584
dispersed	0.5109564829505584
find	0.4554009273950029
vitreous	0.4554009273950029
collection	0.6676649624361484
collection	0.6676649624361484
collection	0.6676649624361484
Fine	0.6569440495078608
tune	0.6569440495078608
multi-shot	0.7074782071623117
setting	0.5288683537094377
setting	0.5288683537094377
collection	0.35951190285023377
collection	0.35951190285023377
movie	0.2522220520956939
movie	0.2522220520956939
dose	0.2441688968077631
dose	0.2441688968077631
excess	0.23422320591965834
Image	2.0657388977033504
processing	1.8322589916563201
processing	1.8322589916563201
processing	1.8322589916563201
data	1.0888264518490551
4–5 weeks	4.598608346555026
Timing	3.306127096194448
ftp://ftp.mrc-lmb.cam.ac.uk/pub/scheres/relion30_tutorial.pdf	0.34063765530037227
Scheres	0.34063765530037227
RELION-3.0”	0.34063765530037227
follow	0.34063765530037227
Sjors	0.34063765530037227
workstation	0.9643784344835356
movies	0.660265199104576
movies	0.660265199104576
installed	0.5410127466535325
Copy	0.5410127466535325
“Import”	1.8394433386220106
import	1.6394433386220104
movies	1.1224508384777792
movies	1.1224508384777792
RELION	1.0779723542104898
implementation	0.5410127466535325
drift-corrected	0.5410127466535325
Align	0.5410127466535325
RELION’s	0.5410127466535325
“Motion	0.4821892172417678
memory	0.2998840288795855
RELION	0.22457757379385201
RELION	0.22457757379385201
RELION	0.22457757379385201
first	0.192177258016204
estimation”	1.3138880990157216
CTFFIND4	1.028173813301436
CTFFIND4	1.028173813301436
estimation	0.9821840854603843
estimation	0.9821840854603843
poor	1.1496520866387565
Thon	1.1496520866387565
examine	1.1496520866387565
Visualize	1.1496520866387565
rings	1.1496520866387565
Manually	1.6394433386220104
pick	1.6394433386220104
particles	1.4951140297891021
particles	1.4951140297891021
particles	1.4951140297891021
“Particle	1.3662027821850087
extraction”	1.3662027821850087
extract	1.199536115518342
picked	0.9353756987314826
picked	0.9353756987314826
classes	0.947557014894551
classes	0.947557014894551
classes	0.947557014894551
classes	0.947557014894551
number	0.8884658381893168
classification”	0.6542924266463684
number	0.6057721624018069
running	0.5102049265808087
classes	0.43070773404297774
classes	0.43070773404297774
templates	0.44356700633694773
templates	0.44356700633694773
generate	0.3353043027812937
classes	0.3056635531917906
classes	0.3056635531917906
“Auto-picking”	1.1496520866387565
pick	1.0246520866387565
templates	0.8594110747778363
templates	0.8594110747778363
automatically	0.826531774048612
auto-picking	0.8467313756600061
auto-picking	0.8467313756600061
micrographs	0.7090931401962047
micrographs	0.7090931401962047
micrographs	0.7090931401962047
“Particle	1.3662027821850087
extraction”	1.3662027821850087
extract	1.199536115518342
automatically	1.1020423653981493
picked	0.9353756987314826
missed	0.5653252891800036
particles	0.5155565619962421
particles	0.5155565619962421
particles	0.5155565619962421
particles	0.5155565619962421
inspection	0.5310875017945741
inspection	0.5310875017945741
manual	0.44580430960831036
step	0.3760368677478452
step	0.3760368677478452
number	1.110582297736646
reference-free	1.0246520866387565
averaging	0.951531774048612
averaging	0.951531774048612
iterations	0.8996520866387565
classes	0.32674379823950034
classes	0.32674379823950034
classes	0.32674379823950034
classes	0.32674379823950034
Select	0.31714540321069146
classification	0.4157773354488042
classification	0.4157773354488042
classification	0.4157773354488042
parameter	0.3678886677244021
Perform	0.3678886677244021
e2pdb2mrc.py	0.45986083465550265
unsupervised	0.45986083465550265
number	0.4442329190946584
EMAN2	0.4098608346555026
command	0.3806127096194448
capped	0.7074782071623117
particles	0.43128289320839486
particles	0.43128289320839486
particles	0.43128289320839486
particles	0.43128289320839486
“relion_particle_symmetry_expand.”	0.6569440495078608
converted	0.6569440495078608
2RP-CP	0.6569440495078608
command	0.5437324423134925
particles	0.5339692963532507
RP-CP	1.1617930492822635
RP-CP	1.1617930492822635
RP-CP	1.1617930492822635
RP-CP	1.1617930492822635
“Refine3D”	0.6920231083989906
classes	0.4441673507318208
classes	0.4441673507318208
classes	0.4441673507318208
classes	0.4441673507318208
contributing	0.2561630216596891
contributing	0.6831013910925043
RP-CP	0.5324884809210373
RP-CP	0.5324884809210373
RP-CP	0.5324884809210373
RP-CP	0.5324884809210373
auto-refinement	0.9596288924146736
auto-refinement	0.9596288924146736
auto-refinement	0.9596288924146736
sharpened	0.9596288924146736
sharpened	0.9596288924146736
per-particle	0.9197216693110053
jobs	0.45986083465550265
polishing”	0.45986083465550265
shiny.star	0.45986083465550265
“Bayesian	0.45986083465550265
RP-CP	0.5556401540045607
RP-CP	0.5556401540045607
RP-CP	0.5556401540045607
RP-CP	0.5556401540045607
shiny	0.39987898665695876
resolutions	0.5437324423134925
resolution”	0.3284720247539304
“Local	0.3284720247539304
Shell	0.3284720247539304
state	0.31730922792475597
correlations	0.7612254192388896
segmentation	0.7612254192388896
segmentation	0.7612254192388896
correlations	0.7612254192388896
Chimera	0.7197216693110052
Atomic	2.049304173277513
building	1.653063548097224
refinement	1.138340125833832
refinement	1.138340125833832
refinement	1.138340125833832
3–4 weeks	4.598608346555026
Timing	3.306127096194448
ATP-γ-S-bound	0.8197216693110052
proteasome	0.48752885982226907
proteasome	0.48752885982226907
proteasome	0.48752885982226907
state	0.4442329190946584
saved	0.7452015175554593
saved	0.7452015175554593
SA-like	0.6920231083989906
SA-like	0.6920231083989906
Chimera	0.6542924266463684
sidechain	0.8361106084645502
mainchain	0.8361106084645502
clashes	0.7452015175554593
avoid	0.6920231083989906
fitting	0.6250262362020628
Coot	1.2394433386220105
Coot	1.2394433386220105
https://www2.mrc-lmb.cam.ac.uk/personal/pemsley/coot	0.9197216693110053
official	0.9197216693110053
page	0.8197216693110052
model	0.3661174265152491
model	0.3661174265152491
model	0.3661174265152491
model	0.3661174265152491
Phenix	0.28169166786863875
Phenix	1.2394433386220105
Phenix	1.2394433386220105
Phenix	1.2394433386220105
Real	0.9197216693110053
https://www.phenix-online.org/documentation/index.html	0.9197216693110053
ATP-γ-S-bound	0.6305551302392348
proteasome	0.3750221998632839
proteasome	0.3750221998632839
proteasome	0.3750221998632839
state	0.34171763007281414
ubiquitin	0.7232838258626516
ubiquitin	0.7232838258626516
extra	0.40442874107192295
density	0.38734074450462774
density	0.38734074450462774
deposit	0.7664347244258376
deposition	0.5729407165185575
deposition	0.5729407165185575
deposition	0.5729407165185575
atomic	0.45806474791408003
validation”	0.8361106084645502
“Comprehensive	0.8361106084645502
validate	0.7452015175554593
model-to-map	0.7452015175554593
suite	0.6920231083989906
low-pass	0.5410127466535325
EMAN2	0.4821892172417678
correlations	0.4477796583758174
correlations	0.4477796583758174
segmentation	0.4477796583758174
Expected	4.598608346555026
outcomes	4.598608346555026
proteasome	0.41491817857214386
proteasome	0.41491817857214386
proteasome	0.41491817857214386
M1-linked	0.391370923111066
substrate	0.2719090115341467
statistical	2.537418064129632
Quantification	2.537418064129632
analysis	1.2351211989267923
analysis	1.2351211989267923
analysis	1.2351211989267923
masks	0.5410127466535325
curves	0.5410127466535325
curves	0.5410127466535325
convolution	0.27050637332676625
Refined	0.27050637332676625
Introduction	7.197216693110052
disulfide	0.2091900808401525
bleeding	0.1916086811064594
bonds	0.1790439739120492
bonds	0.1790439739120492
bonds	0.1790439739120492
concatemerization	0.35848545488928
concatemerization	0.35848545488928
concatemerization	0.35848545488928
formation	0.33894891476804684
formation	0.33894891476804684
Methods	6.389861771052448
Methods	6.389861771052448
Methods	6.389861771052448
Expression	2.29176286607423
Expression	2.29176286607423
purification	1.8322589916563201
purification	1.8322589916563201
proteins	1.67576389722258
CaCl2	0.32347041317348546
CaCl2	0.32347041317348546
CaCl2	0.32347041317348546
CaCl2	0.32347041317348546
NaCl	0.2640579145268625
Dynamic	3.0657388977033504
scattering	3.0657388977033504
light	1.8322589916563201
light	1.8322589916563201
Wyatt	0.5109564829505584
Technology	0.42290301068827196
Technology	0.42290301068827196
Technology	0.42290301068827196
Afterward	0.2554782414752792
Negative-stain	3.0657388977033504
electron	1.6497630598888222
microscopy	1.579261691490918
microscopy	1.579261691490918
seconds	0.4554009273950029
seconds	0.4554009273950029
blotted	0.36734745513271644
uranyl	0.2554782414752792
voltage	0.2554782414752792
Cryo-EM	1.0219507703719426
collection	0.9347309474106078
collection	0.9347309474106078
collection	0.9347309474106078
preparation	0.7750577196445381
seconds	0.37260075877772963
seconds	0.37260075877772963
blot	0.29044826232056586
plunged	0.20902765211613755
Q325AR1-2nm	0.20902765211613755
processing	1.0993553949937922
processing	1.0993553949937922
processing	1.0993553949937922
Cryo-EM	1.0219507703719426
collection	0.9347309474106078
Three-dimensional	0.165715616092073
tubules	0.14298178641896037
tubules	0.14298178641896037
tubules	0.14298178641896037
refinement	0.12306379738744129
building	2.2040847307962985
Model	2.129953923684149
refinement	1.517786834445109
refinement	1.517786834445109
refinement	1.517786834445109
building	0.33908995858404595
models	0.3012968511909072
placing	0.2358260690541039
polypeptide	0.2358260690541039
angles	0.2358260690541039
Results	6.612254192388896
reconstruction	1.7634420325005111
tubules	1.7634420325005111
reconstruction	1.7634420325005111
tubules	1.7634420325005111
tubules	1.7634420325005111
tubules	0.2994524206132943
tubules	0.2994524206132943
tubules	0.2994524206132943
Figure	0.22354467054715849
Figure	0.22354467054715849
bead	3.306127096194448
Structure	3.306127096194448
bead	3.306127096194448
bead	0.336216314867232
bead	0.336216314867232
cradle	0.31177005739356106
Figure	0.26774841896043844
Figure	0.26774841896043844
constituent	2.7324055643700174
tubule	1.7966205903508161
tubule	1.7966205903508161
tubule	1.7966205903508161
domain	1.3559778920550285
tubule	0.39301075413924097
tubule	0.39301075413924097
tubule	0.39301075413924097
domain	0.38136878214047676
domain	0.38136878214047676
supplemental	0.29390700541675185
supplemental	0.29390700541675185
domain	0.22599631534250478
domain	0.22599631534250478
domain	0.22599631534250478
dependence	1.4394433386220105
basis	1.4394433386220105
Structural	1.2779723542104897
tubule	1.0779723542104898
tubule	1.0779723542104898
histidine	0.6419973415267743
histidine	0.6419973415267743
salt	0.23899713948393603
tubulation	0.23095885919466685
tubulation	0.23095885919466685
bridge	0.392575455987821
bridge	0.392575455987821
salt	0.3606684104939398
forms	0.3061229559484852
domain	0.2958497219029153
histidine	0.3768442669499454
histidine	0.3768442669499454
interfaces	0.3014754135599563
interfaces	0.3014754135599563
residues	0.2763796365580962
domain	0.6779889460275142
domain	0.6779889460275142
domain	0.6779889460275142
domain	0.6779889460275142
tubulation	0.5324884809210373
Identification	1.8394433386220106
bonds	1.3750577196445382
bonds	1.3750577196445382
bonds	1.3750577196445382
disulfide	1.147557014894551
disulfide	0.40984179103376817
Figure	0.37612277901585395
Figure	0.37612277901585395
equivalent	0.342724604433812
intermolecular	0.3273946951534614
supplemental	0.28486371294239027
supplemental	0.28486371294239027
Figure	0.27341232782306313
Figure	0.27341232782306313
loop	0.2543174689380345
Figure	0.49366114745830836
Figure	0.49366114745830836
supplemental	0.39677445731261507
supplemental	0.39677445731261507
alkylated	0.22993041732775132
concatemerizes	2.299304173277513
exchange	1.799304173277513
disulfide	1.4344462686181887
mechanism	1.299304173277513
mechanism	1.299304173277513
assemblies	0.3670395534228381
bond	0.2861132136292141
bond	0.2861132136292141
motifs	0.2745437818838821
CXXC	0.2745437818838821
S-glutathionylation	0.39987898665695876
unpaired	0.35640072578739357
sulfhydryl	0.35640072578739357
monomer-derived	0.3309675735821259
extending	0.3309675735821259
Disease	4.598608346555026
mechanisms	3.437644299111345
neighboring	0.19169585313157345
packing	0.16394433386220106
interactions	0.1462586579466807
interactions	0.1462586579466807
interactions	0.1462586579466807
short	0.2927577390396447
domain	0.29056669115464895
domain	0.29056669115464895
domain	0.29056669115464895
domain	0.29056669115464895
INTRODUCTION	8.197216693110052
viruses	0.23645817383971304
capsid	0.17876586614740536
capsid	0.17876586614740536
serotypes	0.14638950369978648
overall	0.10365118790485478
expression	0.13810145545566793
expression	0.13810145545566793
promoter	0.1371577331961963
promoter	0.1371577331961963
widely	0.12387907384185028
establish	0.5109564829505584
experimentation	0.5109564829505584
examination	0.5109564829505584
serotype	0.4554009273950029
viable	0.42290301068827196
DISCUSSION	4.598608346555026
RESULTS	4.098608346555026
Production	3.0657388977033504
vitro	2.009097230555913
vitro	2.009097230555913
transduction	1.7966205903508161
transduction	1.7966205903508161
GC/mL	0.4971468482762191
GC/mL	0.4971468482762191
post-transfection	0.411473199588589
post-transfection	0.411473199588589
days	0.35741914553453497
AAVR	0.5249830477509584
AAVR	0.5249830477509584
AAVR	0.5249830477509584
AAVR	0.5249830477509584
transduction	0.37171460490016883
AAVR	0.6619351471642518
AAVR	0.6619351471642518
AAVR	0.6619351471642518
AAVR	0.6619351471642518
glycan/GPR108	0.2665859911046392
Glycan	2.399072231036684
binding	1.2351211989267923
binding	1.2351211989267923
binding	1.2351211989267923
analysis	1.2351211989267923
glycans	0.40433801646685685
glycans	0.40433801646685685
glycans	0.40433801646685685
glycans	0.40433801646685685
galactose	0.2763106750486534
Cryo-EM	2.5548769259298565
structure	1.6215101913615884
structure	1.6215101913615884
structure	1.6215101913615884
genome-containing	0.24857342413810954
PDBID	0.2057365997942945
loop	0.17870957276726748
loop	0.17870957276726748
resolved	0.1191397151781783
AAVrh.10	0.3152775651196174
AAVrh.10	0.3152775651196174
AAVrh.10	0.3152775651196174
blood-brain	0.29277900739957297
barrier	0.29277900739957297
Biodistribution	9.197216693110052
transduction	0.19249506325187316
transduction	0.19249506325187316
transduction	0.19249506325187316
transduction	0.19249506325187316
mice	0.17115701172461914
animals	0.26298738265183114
animals	0.26298738265183114
EGFP	0.13698390208335773
EGFP	0.13698390208335773
EGFP	0.13698390208335773
mandible	0.30360061826333523
mandible	0.30360061826333523
facial	0.30360061826333523
finding	0.2665635812262982
mouse	0.2295265441892612
transduction	0.23434181613271515
transduction	0.23434181613271515
transduction	0.23434181613271515
transduction	0.23434181613271515
kidney	0.21561698453442052
EGFP	0.46363782243597995
EGFP	0.46363782243597995
EGFP	0.46363782243597995
EGFP	0.46363782243597995
expression	0.32754832383716104
brain	0.27540415304168864
brain	0.27540415304168864
remains	0.2561630216596891
tissues	0.206632943512153
tissues	0.206632943512153
tropism	0.23302818956292537
tropism	0.23302818956292537
glycan	0.22032295999316484
fucosylated	0.16729013659408268
oligosaccharides	0.1553521263752836
biodistribution	0.278182693461588
biodistribution	0.278182693461588
brain	0.2711671660718165
brain	0.2711671660718165
skeletal	0.19661113141699843
MATERIALS	4.098608346555026
METHODS	4.098608346555026
Small	2.299304173277513
scale	2.049304173277513
scale	2.049304173277513
production	1.4344462686181887
production	1.4344462686181887
DNase	0.25907652656648034
harvested	0.19367010135838564
harvested	0.19367010135838564
transfection	0.18626068147574357
transfection	0.18626068147574357
Mouse	2.299304173277513
production	1.4344462686181887
production	1.4344462686181887
production	1.4344462686181887
vector	1.201224817582823
plasmid	0.36720553738891815
plasmid	0.36720553738891815
plasmid	0.36720553738891815
vector	0.20020413626380384
vector	0.20020413626380384
vitro	3.01364584583387
vitro	3.01364584583387
transduction	2.694930885526224
transduction	2.694930885526224
transduction	2.694930885526224
hours	0.3549923206140249
hours	0.3549923206140249
vector	0.2669388483517384
vector	0.2669388483517384
vector	0.2669388483517384
Glycan	2.399072231036684
assay	1.7966205903508161
assay	1.7966205903508161
binding	1.2351211989267923
binding	1.2351211989267923
PROGEN	0.31714540321069146
chips	0.31714540321069146
Arrayed	0.31714540321069146
N-glycans	0.31714540321069146
Intensity	0.31714540321069146
Cryo-electron	3.806127096194448
microscopy	2.3688925372363774
microscopy	2.3688925372363774
AAVhu.37	0.15202011062991821
using	0.13532768500725093
GmbH	0.12582238334527102
GmbH	0.12582238334527102
GmbH	0.12582238334527102
mouse	3.098608346555026
biodistribution	3.01364584583387
biodistribution	3.01364584583387
cDNA	0.3630480273596073
gDNA	0.2420320182397382
primer-probe	0.2420320182397382
Tissue	0.2420320182397382
tissue	0.23191928677194829
Cryofluorescence	4.098608346555026
tomography	3.598608346555026
Dosing	9.197216693110052
AAV9.CAG.TdTomato	0.4676550860903417
AAV9.CAG.TdTomato	0.4676550860903417
AAV7.CAG.EGFP	0.3659601708361044
AAV7.CAG.EGFP	0.3659601708361044
Animals	0.31177005739356106
Image	3.098608346555026
acquisition	2.8688925372363774
acquisition	2.8688925372363774
acquisition	2.8688925372363774
block	0.40984179103376817
block	0.40984179103376817
block	0.40984179103376817
block	0.40984179103376817
channel	0.24554602136509607
Image	2.0657388977033504
reconstruction	1.7634420325005111
reconstruction	1.7634420325005111
reconstruction	1.7634420325005111
analysis	1.2351211989267923
images	0.3443666039493476
images	0.3443666039493476
images	0.3443666039493476
fluorescent	0.28033914844966235
normalized	0.21388876030488493
Histological	2.299304173277513
assessment	2.299304173277513
expression	1.2774384629649282
expression	1.2774384629649282
vector	1.201224817582823
paraffin	0.28083104406442905
paraffin	0.28083104406442905
histology	0.2106232830483218
histology	0.2106232830483218
kidney	0.15142566852799
muscle	0.26559500113328793
muscle	0.26559500113328793
muscle	0.26559500113328793
cryosections	0.26277761980314435
transverse	0.26277761980314435
Waltham	0.23933479395941756
donkey	0.2013989056885413
Invitrogen	0.20073835323277928
Invitrogen	0.20073835323277928
Invitrogen	0.20073835323277928
slides	0.4765051503718697
slides	0.4765051503718697
slides	0.4765051503718697
graded	0.3246422452716852
alcohols	0.3246422452716852
PDBID	0.951531774048612
cryo-electron	0.7746520866387565
EMDB	0.7172231343090943
EMDB	0.7172231343090943
EMDB	0.7172231343090943
Main	9.197216693110052
regulators	0.40575955999014934
dynein	0.25524915870485176
dynein	0.25524915870485176
dynein	0.25524915870485176
dynein	0.25524915870485176
chains	0.4808912139919197
chains	0.4808912139919197
chains	0.4808912139919197
dynein’s	0.45070666858982195
ring	0.4152138650393943
dynein	0.5424044622478101
dynein	0.5424044622478101
dynein	0.5424044622478101
dynein	0.5424044622478101
activating	0.30055700874494984
dynein	0.29720792451934797
dynein	0.29720792451934797
dynein	0.29720792451934797
dynein	0.29720792451934797
dynein’s	0.16978675871534388
Results	6.612254192388896
Lis1-mediated	2.299304173277513
Structure	1.653063548097224
dimer	1.3225815243753833
dimer	1.3225815243753833
dimer	1.3225815243753833
dynein	0.28411662308218616
dynein	0.28411662308218616
dynein	0.28411662308218616
dynein	0.28411662308218616
motor	0.20983173565081037
dynein	0.43392356979824803
dynein	0.43392356979824803
dynein	0.43392356979824803
dynein	0.43392356979824803
motor	0.39168590654817936
dynein	0.30994540699874856
dynein	0.30994540699874856
dynein	0.30994540699874856
dynein	0.30994540699874856
contacts	0.2834103266518678
linker	0.599768057759171
linker	0.599768057759171
Extended	0.4259907847368299
Extended	0.4259907847368299
Data	0.3203266180220862
interactions	0.26352911341744273
interactions	0.26352911341744273
interactions	0.26352911341744273
Phi-stabilizing	0.24857342413810954
mechanistic	0.24857342413810954
vivo	1.2394433386220105
vivo	1.2394433386220105
Dynein	1.205458338333548
required	1.1224508384777792
contacts	1.0580652195003066
dynein	0.25338602615956085
dynein	0.25338602615956085
dynein	0.25338602615956085
dynein	0.25338602615956085
Lis1N213A	0.22225559685806995
depends	1.5328694488516752
localization	1.199536115518342
localization	1.199536115518342
Dynein	1.0045486152779566
contacts	0.8817210162502556
dynein	0.29689507407248555
dynein	0.29689507407248555
dynein	0.29689507407248555
dynein	0.29689507407248555
ends	0.2420320182397382
Phi-disrupting	1.8394433386220106
bypass	1.6394433386220104
need	1.3750577196445382
yeast	0.9347309474106078
yeast	0.9347309474106078
Phi-breaking	0.3364835375528068
Chi-breaking	0.22432235836853787
dyneinD2868K	0.22432235836853787
dyneinD2868K	0.22432235836853787
substitution	0.22051067164638075
Dynein	0.8610416702382485
assembly	0.8017505989126994
required	0.8017505989126994
assembly	0.8017505989126994
assembly	0.8017505989126994
human	0.2969294654135099
dynein	0.22171277288961574
dynein	0.22171277288961574
dynein	0.22171277288961574
dynein	0.22171277288961574
complexes	0.3158413802462067
complexes	0.3158413802462067
complexes	0.3158413802462067
human	0.22392295465128914
velocity	0.20951158327675862
Methods	6.389861771052448
Methods	6.389861771052448
Methods	6.389861771052448
Electron	1.506822922916935
Electron	1.506822922916935
microscopy	1.1844462686181887
microscopy	1.1844462686181887
preparation	0.9688221495556725
dyneinE2488Q	0.5437324423134925
dyneinE2488Q	0.5437324423134925
water-soluble	0.3284720247539304
randomly	0.3284720247539304
Grid	0.3284720247539304
apyrase	0.2874130216596891
apyrase	0.2874130216596891
dynein	0.20340167334292875
dynein	0.20340167334292875
dynein	0.20340167334292875
Electron	1.205458338333548
Electron	1.205458338333548
processing	1.0993553949937922
processing	1.0993553949937922
processing	1.0993553949937922
dynein	0.26035414187894884
dynein	0.26035414187894884
dynein	0.26035414187894884
dynein	0.26035414187894884
particles	0.18688925372363777
frames	0.201785108559551
frames	0.201785108559551
frames	0.201785108559551
CryoSPARC	0.19362561459179056
CryoSPARC	0.19362561459179056
building	2.2040847307962985
Model	2.129953923684149
refinement	1.517786834445109
refinement	1.517786834445109
refinement	1.517786834445109
refine	0.39987898665695876
refine	0.39987898665695876
real	0.35640072578739357
Phenix	0.26944420404826314
Phenix	0.26944420404826314
distinguish	0.4840640364794764
ADP.Vi	0.4840640364794764
Lis1s	0.4840640364794764
chose	0.4006449574941524
published	0.3172258785088284
construction	2.049304173277513
construction	2.049304173277513
Cloning	1.903063548097224
Cloning	1.903063548097224
mutagenesis	1.653063548097224
primers	0.26993809192868423
primers	0.26993809192868423
fused	0.195685461555533
substitution	0.1709869983451841
substitution	0.1709869983451841
Yeast	3.598608346555026
strains	3.098608346555026
strains	3.098608346555026
strains	3.098608346555026
klURA3	0.2554782414752792
screened	0.2554782414752792
klURA3	0.2554782414752792
colony	0.22770046369750144
sequencing	0.21145150534413598
Nuclear	2.7324055643700174
segregation	2.29176286607423
assay	1.7966205903508161
assay	1.7966205903508161
binucleate	0.2965813321709959
cells	0.2184627713600851
cells	0.2184627713600851
cells	0.2184627713600851
Nikon	0.19772088811399732
Live-cell	4.098608346555026
imaging	2.1215101913615886
imaging	2.1215101913615886
imaging	2.1215101913615886
imaging	2.1215101913615886
Nikon	0.217492976925397
Nikon	0.217492976925397
Nikon	0.217492976925397
mounted	0.1722083340476497
cells	0.14418542909765616
western	2.299304173277513
immunoprecipitations	2.299304173277513
blots	1.903063548097224
cerevisiae	1.2774384629649282
cerevisiae	1.2774384629649282
anti-FLAG	0.15466446590773683
Bio-Rad	0.1436274375922433
Bio-Rad	0.1436274375922433
Bio-Rad	0.1436274375922433
dynein-lysis	0.1297224263815602
Protein	2.0657388977033504
purification	1.8322589916563201
purification	1.8322589916563201
expression	1.7032512839532377
expression	1.7032512839532377
cerevisiae	2.5548769259298565
cerevisiae	2.5548769259298565
cerevisiae	2.5548769259298565
dynein	2.16961784899124
dynein	2.16961784899124
Mg-ATP	0.22491302165968913
Mg-ATP	0.22491302165968913
Mg-ATP	0.22491302165968913
beads	0.17177428046778
beads	0.17177428046778
cerevisiae	5.109753851859713
cerevisiae	5.109753851859713
cerevisiae	5.109753851859713
imidazole	0.29256547226479535
imidazole	0.29256547226479535
imidazole	0.29256547226479535
acetate	0.2564804975177762
acetate	0.2564804975177762
Human	3.098608346555026
dynein	2.16961784899124
dynein	2.16961784899124
dynein	2.16961784899124
dynein	2.16961784899124
buffer	0.1963830050562455
buffer	0.1963830050562455
buffer	0.1963830050562455
buffer	0.1963830050562455
beads	0.15163522689569545
Human	3.098608346555026
dynactin	2.937644299111345
dynactin	2.937644299111345
dynactin	2.937644299111345
Buffer	0.2945107793931755
Buffer	0.2945107793931755
acetate	0.25264096911182143
acetate	0.25264096911182143
acetate	0.25264096911182143
Human	6.197216693110052
acetate	0.3044086712963505
acetate	0.3044086712963505
acetate	0.3044086712963505
potassium	0.2581762331738363
LIS1-lysis	0.18580235743656673
BICD2	3.598608346555026
BICD2	3.598608346555026
Human	3.098608346555026
acetate	0.2900835573529928
acetate	0.2900835573529928
acetate	0.2900835573529928
buffer	0.2610438722672782
buffer	0.2610438722672782
TIRF	3.098608346555026
microscopy	2.3688925372363774
microscopy	2.3688925372363774
Nikon	0.38706377249435064
Nikon	0.38706377249435064
Nikon	0.38706377249435064
controlled	0.31177005739356106
equipped	0.2689996320763492
Single-molecule	2.537418064129632
motility	2.2040847307962985
motility	2.2040847307962985
assays	1.8707513974629653
assays	1.8707513974629653
glucose	0.335834743781863
glucose	0.335834743781863
tubulin	0.27050637332676625
Sigma-Aldrich	0.2238898291879087
Sigma-Aldrich	0.2238898291879087
BICD2	0.42336568783000306
BICD2	0.42336568783000306
dynactin	0.34560521166015823
dynactin	0.34560521166015823
dynactin	0.34560521166015823
motility	1.653063548097224
motility	1.653063548097224
TIRF	1.549304173277513
analysis	0.9263408991950943
analysis	0.9263408991950943
events	0.982226347405019
events	0.982226347405019
events	0.982226347405019
diffusive	0.35256845991871194
diffusive	0.35256845991871194
Statistical	3.598608346555026
analysis	1.8526817983901886
analysis	1.8526817983901886
analysis	1.8526817983901886
replicates	0.30410774759619935
replicates	0.30410774759619935
biological	0.2905051520375785
condition	0.23282585184467944
condition	0.23282585184467944
summary	3.806127096194448
summary	3.806127096194448
Reporting	3.598608346555026
Nature	0.7452015175554593
linked	0.7452015175554593
Summary	0.7452015175554593
Portfolio	0.6920231083989906
article	0.6542924266463684
Online	4.598608346555026
content	4.098608346555026
information	0.42502111662761144
information	0.42502111662761144
information	0.42502111662761144
data	0.36294215061635177
data	0.36294215061635177
Bank	0.475765887024306
Bank	0.475765887024306
Data	0.30030620439570577
Data	0.30030620439570577
DyneinE2488Q	0.2874130216596891
Introduction	7.197216693110052
cryo-ET	0.1444036558429932
cryo-ET	0.1444036558429932
cryo-ET	0.1444036558429932
cryo-ET	0.1444036558429932
specimens	0.12902125749811688
specimens	0.15224508384777793
specimens	0.15224508384777793
specimens	0.15224508384777793
software	0.13626010271625902
software	0.13626010271625902
Results	6.612254192388896
Software	4.098608346555026
design	3.306127096194448
systems	0.37388138665506765
systems	0.37388138665506765
systems	0.37388138665506765
execution	0.2129147193015598
SerialFIB	0.19908131890362518
pattern	0.39772957548203886
pattern	0.39772957548203886
files	0.3246864673583482
files	0.3246864673583482
files	0.3246864673583482
1—figure	0.21798640194688668
position	0.20825428898781342
position	0.20825428898781342
position	0.20825428898781342
lamella	0.2001477144323221
scripts	0.3309675735821259
Python	0.29892559122707346
module	0.29892559122707346
module	0.29892559122707346
‘ScriptEditor’	0.19993949332847938
Automated	1.653063548097224
on-grid	1.506822922916935
lamellae	1.3225815243753833
lamellae	1.3225815243753833
lamellae	1.3225815243753833
milling	0.29473498341775917
milling	0.29473498341775917
milling	0.29473498341775917
condensation	0.24857342413810954
condensation	0.24857342413810954
stage	0.2953817995994156
stage	0.2953817995994156
stage	0.2953817995994156
beam	0.2893040513141558
beam	0.2893040513141558
decreasing	0.27023791295967203
milling	0.2567942163215956
milling	0.2567942163215956
milling	0.2567942163215956
currents	0.22665786587547332
determined	0.5124726880432107
determined	0.5124726880432107
success	0.4554009273950029
2—figure	0.42290301068827196
providing	0.3998453718394473
3D-CLEM-targeted	3.0657388977033504
lamella	1.517786834445109
lamella	1.517786834445109
lamella	1.517786834445109
preparation	1.29176286607423
cryo-FLM	0.14126464902346264
resolution	0.12842980787061603
resolution	0.12842980787061603
resolution	0.12842980787061603
visible	0.1189414717560765
image	0.22846264410582431
image	0.22846264410582431
image	0.22846264410582431
Figure	0.15797156718665867
Figure	0.15797156718665867
Figure	0.2820920842618905
Figure	0.2820920842618905
lamella	0.26019202876201875
lamella	0.26019202876201875
lamella	0.26019202876201875
support	0.15883505012395652
support	0.15883505012395652
virtual	0.1352676021965355
titanium	0.1352676021965355
lipid	0.13255609082940353
Cryo-FIB-SEM	2.7324055643700174
volume	1.517786834445109
volume	1.517786834445109
volume	1.517786834445109
imaging	1.4143401275743923
imaging	0.1899859872861124
imaging	0.1899859872861124
imaging	0.1899859872861124
imaging	0.1899859872861124
imaging	0.1899859872861124
Figure	0.4024753304118692
Figure	0.4024753304118692
4—figure	0.24242847746461452
supplement	0.2358744119905142
volume	0.14501148099794037
cryo-FLM	0.19318242601499164
volume	0.14594104177356818
volume	0.14594104177356818
volume	0.14594104177356818
imaging	0.13599424303599925
Lift-out	2.7324055643700174
lamella	1.517786834445109
lamella	1.517786834445109
lamella	1.517786834445109
preparation	1.29176286607423
specimen	0.399366360690778
specimen	0.399366360690778
pressures	0.2874130216596891
ultrastructure	0.2874130216596891
physically	0.2874130216596891
trenches	0.2420320182397382
Figure	0.20785732524560352
Figure	0.20785732524560352
specimen	0.16815425713295915
specimen	0.16815425713295915
grid	0.2724016569842243
grid	0.2724016569842243
grid	0.2724016569842243
gripper	0.1951718260264298
gripper	0.1951718260264298
lift-out	0.3348495384259855
lift-out	0.3348495384259855
evolves	0.2554782414752792
technology	0.2554782414752792
strategies	0.2554782414752792
Materials	3.01364584583387
Materials	3.01364584583387
Materials	3.01364584583387
methods	2.8688925372363774
methods	2.8688925372363774
Mammalian	1.8394433386220106
cryo-grid	1.4394433386220105
culture	1.1750577196445382
culture	1.1750577196445382
culture	1.1750577196445382
Fisher	0.2351524396001529
Fisher	0.2351524396001529
Scientific	0.2351524396001529
Scientific	0.2351524396001529
Fisher	0.2351524396001529
Coccolithophore	3.0657388977033504
cryo-grid	2.399072231036684
preparation	1.29176286607423
preparation	1.29176286607423
preparation	1.29176286607423
seawater	0.21143026880712762
calcium-depleted	0.21143026880712762
seawater	0.21143026880712762
Cells	0.15200584350319302
medium	0.12901733775606658
Budding	2.299304173277513
cryo-grid	1.799304173277513
yeast	1.1684136842632598
yeast	1.1684136842632598
yeast	1.1684136842632598
cultures	0.41126952532057437
cultures	0.41126952532057437
cultures	0.41126952532057437
EDE1-eGFP	0.26277761980314435
inoculated	0.26277761980314435
Chlamydomonas	2.537418064129632
cryo-grid	2.399072231036684
preparation	1.29176286607423
preparation	1.29176286607423
preparation	1.29176286607423
Medium	0.3488177316217043
Medium	0.3488177316217043
blotting	0.26371134864298096
blotting	0.26371134864298096
illumination	0.195685461555533
Cryo-FIB	2.7324055643700174
lamella	1.517786834445109
lamella	1.517786834445109
lamella	1.517786834445109
preparation	1.29176286607423
Scientific	0.4248777033684581
Scientific	0.4248777033684581
Fisher	0.4248777033684581
Scientific	0.4248777033684581
Fisher	0.4248777033684581
platinum	0.2038996658675597
milling	0.1669162406090371
milling	0.1669162406090371
milling	0.1669162406090371
nitrogen	0.1417051633259339
Correlative	2.299304173277513
lamella	1.138340125833832
lamella	1.138340125833832
lamella	1.138340125833832
preparation	0.9688221495556725
squares	0.12357613105191033
squares	0.12357613105191033
overview	0.09243433862422162
montages	0.09243433862422162
detecting	0.09243433862422162
features	5.612254192388896
features	5.612254192388896
features	5.612254192388896
radius	0.39987898665695876
radius	0.39987898665695876
image	0.3219079123874336
image	0.3219079123874336
image	0.3219079123874336
point	0.348537914784679
point	0.348537914784679
image	0.323078486614297
image	0.323078486614297
image	0.323078486614297
lamella	0.361377817725026
lamella	0.361377817725026
lamella	0.361377817725026
polygon	0.2919751331146048
contour	0.2919751331146048
computation	0.24857342413810954
inverse	0.24857342413810954
computation	0.24857342413810954
transformed	0.18581861076277542
projection	0.18581861076277542
Cryo-FIB-SEM	2.049304173277513
volume	1.138340125833832
volume	1.138340125833832
volume	1.138340125833832
imaging	1.0607550956807943
integration	0.24469303561522543
integration	0.24469303561522543
dwell	0.24469303561522543
Milling	0.22723146842951927
line	0.19074214241947607
Fiji	0.2543174689380345
Fiji	0.2543174689380345
Fiji	0.2543174689380345
blurring	0.1951860049330486
sigma	0.1951860049330486
affine	0.24817988596931215
volumes	0.22034006107077408
volumes	0.22034006107077408
minimization	0.21143026880712762
L-BFGS-B-based	0.21143026880712762
husbandry	9.197216693110052
agar	0.27870353615485005
dissection	0.27870353615485005
vial	0.27870353615485005
Bloomington	0.27870353615485005
paste	0.27870353615485005
cryo-FIB	3.098608346555026
lift-out	3.01364584583387
lift-out	3.01364584583387
laser	0.20037133916329988
Leica	0.1826452027778103
Leica	0.1826452027778103
Schneider’s	0.13935176807742503
cryo-microtome	0.13935176807742503
stage	0.17006830886026955
stage	0.17006830886026955
stage	0.17006830886026955
sample	0.15373330385176934
sample	0.15373330385176934
Cryo-electron	3.806127096194448
tomography	3.598608346555026
tilt	0.2971799637028717
tilt	0.2971799637028717
acquired	0.1816807338557005
acquired	0.1816807338557005
dose	0.1783255987921865
Tomogram	4.598608346555026
reconstruction	2.6451630487507667
reconstruction	2.6451630487507667
reconstruction	2.6451630487507667
movie	0.4203700868261565
movie	0.4203700868261565
tilt	0.33908995858404595
tilt	0.33908995858404595
NovaCTF	0.2358260690541039
Subtomogram	3.806127096194448
analysis	1.8526817983901886
analysis	1.8526817983901886
analysis	1.8526817983901886
tomograms	0.24397344722406955
tomograms	0.24397344722406955
tomograms	0.24397344722406955
lamellae	0.17933308805089943
lamellae	0.17933308805089943
STOPGAP	0.4379626996719072
STOPGAP	0.4379626996719072
ribosomal	0.3903436520528596
tomograms	0.342724604433812
tomograms	0.342724604433812
ChimeraX	1.268709032064816
ChimeraX	1.268709032064816
Subtomogram	1.268709032064816
UCSF	1.145881433037115
UCSF	1.145881433037115
packages	4.598608346555026
Python	3.437644299111345
matplotlib	0.6569440495078608
Python3	0.6569440495078608
Implementations	0.6569440495078608
scikit-image	0.6569440495078608
Packages	0.6569440495078608
available	0.26752914484683604
available	0.26752914484683604
GitHub	0.18581861076277542
GitHub	0.18581861076277542
2-figure	0.165715616092073
INTRODUCTION	8.197216693110052
pneumoniae	0.1967932795353838
pneumoniae	0.1967932795353838
patients	0.1951718260264298
patients	0.1951718260264298
patients	0.1951718260264298
pneumoniae	0.4656517036893589
pneumoniae	0.4656517036893589
ESKAPE	0.25907652656648034
bacteria	0.2309075124819733
pathogens	0.2309075124819733
efflux	0.5395673202449409
pneumoniae	0.26988792621995494
pneumoniae	0.26988792621995494
multidrug	0.18971071509520568
pump	0.16499576850160555
antibiotic	0.342724604433812
antibiotic	0.342724604433812
pump	0.2566600843358309
pump	0.2566600843358309
pump	0.2566600843358309
RESULTS	8.197216693110052
erythromycin	1.4394433386220105
erythromycin	1.4394433386220105
AcrB	1.3750577196445382
AcrB	1.3750577196445382
Structure	1.3224508384777793
KpAcrB	0.38563366885243355
KpAcrB	0.38563366885243355
KpAcrB	0.38563366885243355
KpAcrB	0.38563366885243355
KpAcrB	0.38563366885243355
transmembrane	0.6653505095054216
domain	0.5248946678922691
domain	0.5248946678922691
domain	0.5248946678922691
domain	0.5248946678922691
site	0.337787987824086
site	0.337787987824086
site	0.337787987824086
site	0.337787987824086
site	0.337787987824086
entrance	0.7929431450405099
residues	0.4153920132792815
residues	0.4153920132792815
residues	0.4153920132792815
residues	0.4153920132792815
F-loop	0.614791251983254
F-loop	0.614791251983254
KpAcrB	0.4737785074472755
KpAcrB	0.4737785074472755
KpAcrB	0.4737785074472755
proximal	0.33061270961944483
drugs	0.31949308855262243
drugs	0.31949308855262243
drugs	0.31949308855262243
acids	0.3098608346555026
G-loop	0.9458326953588522
G-loop	0.9458326953588522
EcAcrB	0.44136808265175037
EcAcrB	0.44136808265175037
EcAcrB	0.44136808265175037
distal	0.3051809627256414
EcAcrB	0.26482084959105023
EcAcrB	0.26482084959105023
EcAcrB	0.26482084959105023
EcAcrB	0.26482084959105023
protomers	0.36685562372958536
protomers	0.36685562372958536
protomer	0.23899713948393603
KpAcrB	0.22832699154085567
KpAcrB	0.22832699154085567
erythromycin	1.4394433386220105
erythromycin	1.4394433386220105
AcrB	1.3750577196445382
AcrB	1.3750577196445382
pneumoniae	1.3224508384777793
KpAcrB	0.21866700343720408
KpAcrB	0.21866700343720408
KpAcrB	0.21866700343720408
KpAcrB	0.21866700343720408
KpAcrB	0.21866700343720408
apo-KpAcrB	0.3778430967079369
apo-KpAcrB	0.3778430967079369
apo-KpAcrB	0.3778430967079369
apo-KpAcrB	0.3778430967079369
KpAcrB-Ery	0.35412666817771726
macrolide	0.2715930827588699
“binding”	0.2715930827588699
macrolide	0.2715930827588699
extra	0.2594448527631204
distal	0.24951902612788285
distal	0.4723038708849211
MtrDCR103	0.4379626996719072
MtrDCR103	0.4379626996719072
pocket	0.29510555681476436
pocket	0.29510555681476436
proton-relay	0.27870353615485005
network	0.18580235743656673
protons	0.18580235743656673
network	0.18580235743656673
efflux	0.1780390484309906
Docking	2.299304173277513
multidrug-binding	1.903063548097224
substrates	1.7188221495556726
substrates	1.7188221495556726
substrates	1.7188221495556726
KpAcrB	0.2740867398455313
KpAcrB	0.2740867398455313
KpAcrB	0.2740867398455313
KpAcrB	0.2740867398455313
KpAcrB	0.2740867398455313
MATERIALS	4.098608346555026
METHODS	4.098608346555026
Expression	2.29176286607423
Expression	2.29176286607423
purification	1.8322589916563201
purification	1.8322589916563201
KpAcrB	1.579261691490918
PMSF	0.2441738945073465
PMSF	0.2441738945073465
PMSF	0.2441738945073465
Na-HEPES	0.21762522194097483
Na-HEPES	0.21762522194097483
Nanodisc	4.598608346555026
preparation	1.937644299111345
preparation	1.937644299111345
preparation	1.937644299111345
nanodiscs	0.3743731570027326
nanodiscs	0.3743731570027326
Bio-beads	0.30154808829869023
Bio-beads	0.30154808829869023
protein-nanodisc	0.30154808829869023
Cryo-EM	1.7032512839532377
preparation	1.29176286607423
preparation	1.29176286607423
preparation	1.29176286607423
sample	1.2682997567770973
KpAcrB-nanodisc	0.30449016769555587
blotted	0.26449016769555583
grids	0.2518330015866031
grids	0.2518330015866031
grids	0.2518330015866031
Data	2.402449635165646
Data	2.402449635165646
collection	2.3368273685265195
collection	2.3368273685265195
collection	2.3368273685265195
micrograph	0.4840640364794764
super-resolution	0.4006449574941524
super-resolution	0.4006449574941524
frames	0.3363085142659183
SerialEM	0.3363085142659183
processing	2.74838848748448
processing	2.74838848748448
processing	2.74838848748448
Data	2.402449635165646
Data	2.402449635165646
followed	0.21590509233210053
nonuniform	0.20273849839746627
classifications	0.20273849839746627
classifications	0.20273849839746627
apo-KpAcrB	0.18626068147574357
classifications	0.3198762974715579
classifications	0.3198762974715579
KpAcrB-Ery	0.2754318530271134
KpAcrB-Ery	0.2754318530271134
Nonuniform	0.2043825931802234
building	2.2040847307962985
Model	2.129953923684149
refinement	1.517786834445109
refinement	1.517786834445109
refinement	1.517786834445109
model	0.2570611718085791
model	0.2570611718085791
model	0.2570611718085791
model	0.2570611718085791
using	0.24885486148749789
Microscale	3.0657388977033504
thermophoresis	2.7324055643700174
assay	1.7966205903508161
assay	1.7966205903508161
NanoTemper	0.27050637332676625
premium	0.27050637332676625
capillaries	0.27050637332676625
Munich	0.27050637332676625
experiment	0.27050637332676625
modeling	4.098608346555026
modeling	4.098608346555026
Molecular	3.806127096194448
predicted	0.2882426368888396
predicted	0.2882426368888396
molecule	0.2610350787157626
molecule	0.2610350787157626
molecule	0.2610350787157626
availability	3.437644299111345
availability	3.437644299111345
Data	2.402449635165646
Data	2.402449635165646
accession	1.3085848532927369
codes	1.2500524724041255
apo-KpAcrB	0.6011140174898997
apo-KpAcrB	0.6011140174898997
apo-KpAcrB	0.6011140174898997
Timothy	0.4180553042322751
College	0.4180553042322751
Paul	0.4180553042322751
Robert	0.4180553042322751
Medicine	0.4180553042322751
Introduction	7.197216693110052
SARS-CoV-2	0.38572912570210705
SARS-CoV-2	0.38572912570210705
SARS-CoV-2	0.38572912570210705
SARS-CoV-2	0.38572912570210705
every	0.2980806070221837
neutralizing	0.24731253950441331
interaction	0.17803198488008873
interaction	0.17803198488008873
antibodies	0.14467026450842418
antibodies	0.14467026450842418
neutralizing	0.2905051520375785
large	0.23225818204094198
immunity	0.20273849839746627
infection	0.1416138504695138
likely	0.1416138504695138
globally	0.5288526898780679
globally	0.5288526898780679
Omicron	0.3701796822240487
Omicron	0.3701796822240487
followed	0.3296615388296589
second-generation	0.2784971045995938
antigenic	0.2784971045995938
variants	0.24523374105696294
variants	0.24523374105696294
variants	0.24523374105696294
potent	0.18952543865234484
responses	0.18416744013844102
responses	0.18416744013844102
responses	0.18416744013844102
antibody	0.17386650874362736
Results	6.612254192388896
Emerging	3.806127096194448
sub-lineages	3.598608346555026
sub-lineages	3.598608346555026
reversion	0.6716694875637261
reversion	0.6716694875637261
reversion	0.6716694875637261
reversion	0.6716694875637261
lineages	0.2917170967230395
seen	0.6104222420194078
lesser	0.35373910358115584
Outside	0.35373910358115584
Alpha	0.3152775651196174
deletions	0.3152775651196174
Generation	1.5328694488516752
suffering	1.3662027821850087
breakthrough	1.199536115518342
vaccinees	1.145881433037115
infections	1.0328694488516752
Supernatants	0.195685461555533
neutralization	0.16307725059126743
neutralization	0.16307725059126743
neutralization	0.16307725059126743
sorted	0.16196285515721054
mAbs	0.5062441647646226
mAbs	0.5062441647646226
mAbs	0.5062441647646226
mAbs	0.5062441647646226
mAbs	0.5062441647646226
Somatic	0.45986083465550265
Figure 2E	0.45986083465550265
mAbs	0.43392356979824803
mAbs	0.43392356979824803
mAbs	0.43392356979824803
IC50 < 100 ng/mL	0.4821892172417678
Victoria	0.4477796583758174
Victoria	0.4477796583758174
Beta	0.4477796583758174
Victoria	0.4477796583758174
Epitope	3.0657388977033504
mapping	2.2040847307962985
mapping	2.2040847307962985
panel	2.129953923684149
panel	2.129953923684149
responses	0.3460115541994953
responses	0.3460115541994953
responses	0.3460115541994953
antibody	0.2449937168660204
antibody	0.2449937168660204
responses	0.5569942091991875
responses	0.5569942091991875
responses	0.5569942091991875
shoulder	0.31170057419768044
shoulder	0.31170057419768044
cluster	0.6258449298356566
cluster	0.6258449298356566
antibodies	0.5828743990339408
antibodies	0.5828743990339408
antibodies	0.5828743990339408
hotspots	0.434985953850794
response	0.3778430967079369
response	0.3778430967079369
response	0.3778430967079369
antibody	0.307992101202997
Structural	3.194930885526224
analysis	1.8526817983901886
analysis	1.8526817983901886
analysis	1.8526817983901886
Delta-RBD	1.2541659126968252
S1B–S1D	0.4180553042322751
Figures 6	0.4180553042322751
nanobody	0.37260075877772963
nanobody	0.37260075877772963
CDRs	0.6342908064213829
CDRs	0.6342908064213829
complementarity-determining	0.31714540321069146
of variants	0.31714540321069146
and BA.2.75.2	0.31714540321069146
CDR-H3	0.35373910358115584
overlaps	0.35373910358115584
area	0.24576391427124802
area	0.24576391427124802
completely	0.23835448819654048
neutralization	0.408780308148777
neutralization	0.408780308148777
neutralization	0.408780308148777
IGHV4-61	0.3678886677244021
Figures 6J–6N	0.3678886677244021
IGHV3-53/3-66	0.31714540321069146
Table S1	0.23707891718009277
Table S1	0.23707891718009277
Table S1	0.23707891718009277
Table S1	0.23707891718009277
Widespread	3.0657388977033504
escape	2.2040847307962985
escape	2.2040847307962985
neutralization	1.7032512839532377
neutralization	1.7032512839532377
variants	0.55858796574086
variants	0.55858796574086
variants	0.55858796574086
variants	0.55858796574086
resilience	0.5109564829505584
mAbs	0.5785647597309973
mAbs	0.5785647597309973
mAbs	0.5785647597309973
mAbs	0.5785647597309973
mAbs	0.5785647597309973
mAbs	0.3337873613832677
mAbs	0.3337873613832677
mAbs	0.3337873613832677
mAbs	0.3337873613832677
mAbs	0.3337873613832677
activity	0.6375316749414172
activity	0.6375316749414172
100 ng/mL	0.6072012365266705
100 ng/mL	0.6072012365266705
retaining	0.563870680917696
activity	0.8693613749201143
activity	0.8693613749201143
mAbs	0.39447597254386185
mAbs	0.39447597254386185
mAbs	0.39447597254386185
variants	0.3077933688776167
variants	0.3077933688776167
variants	0.3077933688776167
variants	0.3077933688776167
panel	0.26081068453275297
Escape	3.0657388977033504
therapeutic	2.7324055643700174
mAbs	1.4464118993274933
mAbs	1.4464118993274933
mAbs	1.4464118993274933
LY-CoV1404	0.43143245753210796
LY-CoV1404	0.43143245753210796
activity	0.30198868813014496
activity	0.30198868813014496
mutation	0.2735377206900027
knockdown	1.8394433386220106
Severe	1.5224508384777793
serum	1.2394433386220105
serum	1.2394433386220105
titers	1.1750577196445382
STAR	0.4379626996719072
characteristics	0.4379626996719072
28 days	0.3624882948756617
Pfizer	0.3624882948756617
BNT162b2	0.3624882948756617
compared	0.7347675135418796
reductions	0.634354516032408
titers	0.4896073831852242
titers	0.4896073831852242
large	0.30537649860938665
serum	0.34428981628389177
serum	0.34428981628389177
compared	0.29390700541675185
vaccine	0.2546403184526922
vaccine	0.2546403184526922
waves	0.3606751644356883
infection	0.29572304068633765
infection	0.29572304068633765
infection	0.29572304068633765
infection	0.29572304068633765
STAR★Methods	9.197216693110052
table	3.806127096194448
table	3.806127096194448
table	3.806127096194448
resources	3.598608346555026
Resource	4.598608346555026
availability	3.437644299111345
availability	3.437644299111345
Lead	4.598608346555026
contact	2.6451630487507667
contact	2.6451630487507667
contact	2.6451630487507667
David	0.8361106084645502
requirement	0.8361106084645502
Resources	0.8361106084645502
dave@strubi.ox.ac.uk	0.8361106084645502
Stuart	0.8361106084645502
availability	3.437644299111345
availability	3.437644299111345
Materials	3.01364584583387
Materials	3.01364584583387
Materials	3.01364584583387
Reagents	0.9197216693110053
Agreement	0.9197216693110053
completed	0.8197216693110052
lead	0.7612254192388896
Transfer	0.7197216693110052
Experimental	2.299304173277513
subject	2.049304173277513
details	1.37419424374224
details	1.37419424374224
details	1.37419424374224
Bacterial	2.299304173277513
strains	1.549304173277513
strains	1.549304173277513
strains	1.549304173277513
culture	1.4688221495556726
Gibco	0.5821023223487375
Gibco	0.5821023223487375
Gibco	0.5821023223487375
cultured	0.5781458880295364
HEK293T	0.3481158783910223
Sera	1.4394433386220105
subjects	1.4394433386220105
infected	1.3750577196445382
cases	1.1750577196445382
cases	1.1750577196445382
Oxford	0.21342768763707182
Oxford	0.21342768763707182
Oxford	0.21342768763707182
laboratories	0.14228512509138122
laboratories	0.14228512509138122
PBMC	1.6394433386220104
Sera	1.4394433386220105
subjects	1.4394433386220105
infected	1.3750577196445382
study	0.8394433386220105
March	0.5109564829505584
March	0.5109564829505584
March	0.5109564829505584
consent	0.2665635812262982
individuals	0.2665635812262982
Sera	1.4394433386220105
subjects	1.4394433386220105
infected	1.3750577196445382
cases	1.1750577196445382
cases	1.1750577196445382
Oxford	0.21145150534413598
Oxford	0.21145150534413598
Oxford	0.21145150534413598
laboratories	0.140967670229424
laboratories	0.140967670229424
Pfizer	2.537418064129632
Sera	2.399072231036684
vaccinees	2.29176286607423
vaccine	0.25782332243335093
vaccine	0.25782332243335093
Study	0.22993041732775132
enrolled	0.22993041732775132
Oxford	0.1903063548097224
Method	4.598608346555026
details	2.74838848748448
details	2.74838848748448
details	2.74838848748448
FACS	1.8394433386220106
Isolation	1.8394433386220106
S-specific	1.4394433386220105
single	0.9224508384777792
cells	0.6728653357890622
single	0.16472336401388912
Nuclease	0.1642360123769652
IgD-FITC	0.1642360123769652
CD14-FITC	0.1642360123769652
IgG-BV786	0.1642360123769652
Cloning	1.5224508384777793
Cloning	1.5224508384777793
S-specific	1.4394433386220105
expression	1.0219507703719426
expression	1.0219507703719426
IGHV	0.35373910358115584
supernatants	0.29277900739957297
human	0.2346884813172165
encoding	0.22068404132587519
encoding	0.22068404132587519
ELISA	2.299304173277513
inhibition	2.049304173277513
assay	1.347465442763112
assay	1.347465442763112
binding	0.9263408991950943
mixtures	0.27870353615485005
diluted	0.20037133916329988
ACE2-coated	0.13935176807742503
Antibody-S	0.13935176807742503
NaOH	0.13935176807742503
Pseudovirus	1.5328694488516752
construction	1.3662027821850087
lentiviral	1.3662027821850087
construction	1.3662027821850087
plasmid	0.9792147663704484
backbone	0.7249765897513234
backbone	0.7249765897513234
backbone	0.7249765897513234
changed	0.39034365205285965
construct	0.2732278606891788
Pseudoviral	2.7324055643700174
test	1.8322589916563201
test	1.8322589916563201
neutralization	1.7032512839532377
neutralization	1.7032512839532377
pseudoviral	0.26442634493903394
activity	0.18508984111202434
activity	0.18508984111202434
serial	0.17628422995935597
neutralizing	0.1478556687789826
production	1.9125950248242516
production	1.9125950248242516
production	1.9125950248242516
structural	1.3699179506199042
analysis	1.2351211989267923
Healthcare	0.35454657009810236
Healthcare	0.35454657009810236
Healthcare	0.35454657009810236
Healthcare	0.35454657009810236
column	0.28678168224839357
Fabs	2.399072231036684
Fabs	2.399072231036684
production	1.9125950248242516
production	1.9125950248242516
production	1.9125950248242516
antibodies	0.4787896849207371
antibodies	0.4787896849207371
antibodies	0.4787896849207371
AstraZeneca	0.4379626996719072
AstraZeneca	0.4379626996719072
Competition	2.049304173277513
anti-Omicron	2.049304173277513
assays	1.403063548097224
assays	1.403063548097224
assays	1.403063548097224
biosensors	0.3364835375528068
biosensors	0.3364835375528068
dipped	0.2998981716991483
running	0.27376849718970225
Octet	0.22432235836853787
Antibody	2.7324055643700174
mapping	2.2040847307962985
mapping	2.2040847307962985
surface	1.517786834445109
surface	1.517786834445109
Carlo	0.3470647808720774
Monte	0.3470647808720774
antibodies	0.28456368066043813
antibodies	0.28456368066043813
antibodies	0.28456368066043813
Crystallization	1.5328694488516752
X-ray	1.145881433037115
determination	0.9792147663704484
determination	0.9792147663704484
collection	0.7789424561755065
Delta	0.36734745513271644
Delta	0.36734745513271644
crystals	0.317177258016204
condition	0.2755105913495373
condition	0.2755105913495373
diffraction	0.344895625991627
Delta	0.24795953221458364
Delta	0.24795953221458364
collected	0.2306127096194448
collected	0.2306127096194448
PyMOL	0.7612254192388896
Version	0.45986083465550265
Graphics	0.45986083465550265
1.2r3pre	0.45986083465550265
Schrödinger	0.4098608346555026
determination	1.9584295327408967
determination	1.9584295327408967
Cryo-EM	1.7032512839532377
structure	1.0810067942410588
structure	1.0810067942410588
Plasma	0.44864471673707573
Plasma	0.44864471673707573
liquid	0.22498800938482422
Cleaner	0.22432235836853787
Delta-RBD/BA.2–23/BA.2–36/EY6A/mAb-4	0.22432235836853787
Falcon-IV	0.39987898665695876
Selectris	0.39987898665695876
total	0.39594439159437633
total	0.39594439159437633
calibrated	0.35640072578739357
classes	0.2961115671545472
classes	0.2961115671545472
classes	0.2961115671545472
classes	0.2961115671545472
particles	0.292014458943184
Phylogenetic	4.598608346555026
tree	3.598608346555026
tree	0.9814386399695525
workflow	0.5633833357372775
workflow	0.5633833357372775
workflow	0.5633833357372775
toolchain	0.4180553042322751
tree	1.1364026357542187
incorporates	0.4840640364794764
Usher	0.4840640364794764
GISAID	0.4840640364794764
pruned	0.4840640364794764
statistical	2.537418064129632
Quantification	2.537418064129632
analysis	1.2351211989267923
analysis	1.2351211989267923
analysis	1.2351211989267923
values	0.3701796822240487
values	0.3701796822240487
values	0.3701796822240487
values	0.3701796822240487
calculated	0.3145347482724316
Arps	0.23377543064826029
Arps	0.23377543064826029
Arps	0.23377543064826029
Arps	0.23377543064826029
actin	0.20532637289227668
cofactors	0.32740878246833965
toward	0.18952543865234484
NPFs	0.15477885361526994
NPFs	0.15477885361526994
monomers	0.1421990148900838
complex	0.2320585808251049
complex	0.2320585808251049
complex	0.2320585808251049
CapZ	0.20345397515042757
CapZ	0.20345397515042757
Results	6.612254192388896
Constitutively	1.3138880990157216
Dimeric	1.3138880990157216
Design	1.3138880990157216
Trap	1.3138880990157216
Characterization	1.3138880990157216
CapZ	0.1993644480117255
CapZ	0.1993644480117255
barbed	0.18685075456613223
actin	0.14101141186906774
actin	0.14101141186906774
State	1.6394433386220104
State	1.6394433386220104
Complex	1.4394433386220105
Complex	1.4394433386220105
Transition	1.3750577196445382
barbed	0.36030329611104955
actin	0.2610350787157626
actin	0.2610350787157626
actin	0.2610350787157626
CapZ-CA	0.21025436133724673
N-WASP	0.3117564668104003
N-WASP	0.3117564668104003
actin	0.2902890099511498
actin	0.2902890099511498
actin	0.2902890099511498
domain	0.4067933676165085
domain	0.4067933676165085
domain	0.4067933676165085
domain	0.4067933676165085
N-WASP	0.301364584583387
Complex	2.399072231036684
Complex	2.399072231036684
Change	1.5328694488516752
Conformational	1.3662027821850087
Global	1.268709032064816
long-pitch	0.4042732612356067
transition	0.3263267590988879
transition	0.3263267590988879
transition	0.3263267590988879
D-loop	0.303204945926705
ArpC2	0.42336568783000306
ArpC2	0.42336568783000306
ArpC2	0.42336568783000306
block	0.2700134152693061
block	0.2700134152693061
Flattening	0.4203700868261565
ArpC2	0.36908803554410524
ArpC2	0.36908803554410524
ArpC2	0.36908803554410524
subdomains	0.3525789024729585
conformations	0.24401105184299546
conformations	0.24401105184299546
conformations	0.24401105184299546
described	0.2227732812773082
described	0.2227732812773082
Changes	2.299304173277513
Individual	2.299304173277513
Subunits	2.049304173277513
Subunits	2.049304173277513
Conformational	2.049304173277513
actin	0.350765887024306
actin	0.350765887024306
actin	0.350765887024306
Arps	0.31949308855262243
Arps	0.31949308855262243
CapZ	0.6781799171680919
CapZ	0.6781799171680919
filament-bound	0.4716521381082078
states	0.26203865906972884
states	0.26203865906972884
Primed	1.3138880990157216
Solution	1.3138880990157216
Binding	1.3138880990157216
Mother	1.3138880990157216
Filament	1.3138880990157216
short-pitch	0.28826444079935853
complex	0.28353022093292884
complex	0.28353022093292884
complex	0.28353022093292884
crosslinked	0.24653283287549027
filament	0.2938779641061732
filament	0.2938779641061732
filament	0.2938779641061732
mother	0.26787963074078847
mother	0.26787963074078847
Methods	3.194930885526224
Methods	3.194930885526224
Methods	3.194930885526224
Materials	3.01364584583387
Materials	3.01364584583387
Proteins	9.197216693110052
Tris-Cl	0.21388876030488493
NaCl	0.18217949141775783
NaCl	0.18217949141775783
NaCl	0.18217949141775783
NaCl	0.18217949141775783
crosslinking	0.4911131737025094
crosslinking	0.4911131737025094
crosslinking	0.4911131737025094
α-actin	0.29668440945516295
spurious	0.29668440945516295
Gradient	2.049304173277513
Glycerol	2.049304173277513
Complex	1.799304173277513
Complex	1.799304173277513
Transition	1.7188221495556726
fractions	0.30410774759619935
Instruments	0.25907652656648034
BioComp	0.25907652656648034
Gradient	0.2309075124819733
gradient	0.1745694843129592
Collection	2.7324055643700174
Collection	2.7324055643700174
Cryo-EM	1.7032512839532377
Data	1.6016330901104308
Data	1.6016330901104308
glow	0.16196285515721054
dataset	0.14628273613239767
dataset	0.14628273613239767
dataset	0.14628273613239767
Microscopy	0.14628273613239767
Building	1.8394433386220106
Processing	1.6394433386220104
Model	1.2779723542104897
Cryo-EM	1.0219507703719426
Data	0.9609798540662585
classes	0.1870178318870824
classes	0.1870178318870824
classes	0.1870178318870824
classes	0.1870178318870824
cryoSPARC	0.15461285784796552
refinement	0.21511939385836193
refinement	0.21511939385836193
refinement	0.21511939385836193
Relion	0.17981702816666684
Particles	0.15094161663903422
rotations	0.3239257103144211
complex	0.24069905989838003
complex	0.24069905989838003
complex	0.24069905989838003
defined	0.21743633412168992
Crosslinking	4.598608346555026
Assay	3.806127096194448
Assay	3.806127096194448
Bio-Rad	0.1856647363997292
fresh	0.1856647363997292
Bio-Rad	0.1856647363997292
Bio-Rad	0.1856647363997292
dilution	0.16127449249729015
Cosedimentation	4.598608346555026
Assay	3.806127096194448
Assay	3.806127096194448
pellet	0.3421237839275908
ratio	0.25787798087518
ratio	0.25787798087518
ratio	0.25787798087518
KMEI	0.2565928379456931
Availability	2.299304173277513
Software	2.049304173277513
Materials	1.506822922916935
Materials	1.506822922916935
Materials	1.506822922916935
databases	0.9108018547900057
databases	0.9108018547900057
accession	0.7996907436788946
codes	0.7639209553580767
coordinates	0.6885796325677835
Introduction	7.197216693110052
viral	0.4166841574680418
coronavirus	0.37260075877772963
coronavirus	0.37260075877772963
entry	0.24840050585181978
entry	0.24840050585181978
Spike	0.22578647123976833
Spike	0.22578647123976833
Spike	0.22578647123976833
Spike	0.22578647123976833
receptor	0.20486666754082816
Spike	0.3679483235018447
Spike	0.3679483235018447
Spike	0.3679483235018447
Spike	0.3679483235018447
mutations	0.21915331807992328
Spike	0.2718424181095718
Spike	0.2718424181095718
Spike	0.2718424181095718
Spike	0.2718424181095718
determination	0.263072623801016
Results	6.612254192388896
Structural	1.0649769618420746
determination	0.9792147663704484
determination	0.9792147663704484
detergent	0.8983102951754081
detergent	0.8983102951754081
Spike	0.40776362716435766
Spike	0.40776362716435766
Spike	0.40776362716435766
Spike	0.40776362716435766
homotrimeric	0.2148422893465687
criteria	0.3152775651196174
criteria	0.3152775651196174
criteria	0.3152775651196174
gold-standard	0.29277900739957297
particles	0.25158168770489703
studies	0.32665828915469386
studies	0.32665828915469386
studies	0.32665828915469386
published	0.1826452027778103
published	0.1826452027778103
Impact	1.1496520866387565
physiological	0.8996520866387565
models	0.7344110747778363
detergent	0.673732721381556
detergent	0.673732721381556
detergents	0.30140857410624755
detergents	0.30140857410624755
detergents	0.30140857410624755
Figs. 2–5	0.1735323904360387
sample	0.14358110454080347
conformation	0.3280085577871804
conformation	0.3280085577871804
conformation	0.3280085577871804
conformation	0.3280085577871804
conformation	0.3280085577871804
displayed	0.40893276665398026
open	0.3005867100853144
open	0.3005867100853144
open	0.3005867100853144
fully	0.23623712241409328
Detergent	2.299304173277513
compaction	2.049304173277513
promotes	1.597465442763112
conformational	1.153063548097224
classes	0.24505784867962527
classes	0.24505784867962527
classes	0.24505784867962527
classes	0.24505784867962527
scattered	0.21199698344250134
open	0.3712509542106339
open	0.3712509542106339
open	0.3712509542106339
Fig. 3d	0.32270935765298425
Spike	0.31953407040949666
Spike	0.3571263139870845
Spike	0.3571263139870845
Spike	0.3571263139870845
Spike	0.3571263139870845
Supplementary	0.3057186290064737
Visualization	1.3138880990157216
single-molecule	0.9446077417698422
FRET	0.9128373958646354
space	0.8393269426032415
space	0.8393269426032415
biophysical	0.37880087858473954
detergents	0.3363085142659183
detergents	0.3363085142659183
detergents	0.3363085142659183
reflect	0.2420320182397382
Spike	0.3834408844913961
Spike	0.3834408844913961
Spike	0.3834408844913961
Spike	0.3834408844913961
FRET	0.201785108559551
openness	0.3606751644356883
CHAPS	0.35454657009810236
CHAPS	0.35454657009810236
CHAPS	0.35454657009810236
CHAPS	0.35454657009810236
Spike	0.3002215716484832
Spike	0.3002215716484832
Spike	0.3002215716484832
Spike	0.3002215716484832
detergent	0.296146251156728
Methods	6.389861771052448
Methods	6.389861771052448
Methods	6.389861771052448
Plasmids	9.197216693110052
Addgene	1.1036660031732062
plasmid	0.4700230878578152
plasmid	0.4700230878578152
plasmid	0.4700230878578152
Furin	0.3678886677244021
insertions	0.45986083465550265
A4-peptide	0.45986083465550265
DSLDMLEW	0.45986083465550265
GenBank	0.45986083465550265
coding	0.4098608346555026
Purification	1.5328694488516752
homotrimers	1.3662027821850087
soluble	1.145881433037115
Spike	0.7588934172225545
Spike	0.7588934172225545
Spike	0.2718424181095718
Spike	0.2718424181095718
Spike	0.2718424181095718
Spike	0.2718424181095718
FreeStyle	0.24469303561522543
Screening	1.268709032064816
determination	0.9792147663704484
determination	0.9792147663704484
conditions	0.9353756987314826
conditions	0.9353756987314826
detergents	0.199683180345389
detergents	0.199683180345389
detergents	0.199683180345389
sample	0.15853746959713716
sample	0.15853746959713716
Cryo-EM	1.0219507703719426
collection	0.9347309474106078
collection	0.9347309474106078
collection	0.9347309474106078
preparation	0.7750577196445381
UltrAuFoil	0.24822568018659444
Detergent-free	0.19993949332847938
samples	0.14149681623855914
samples	0.14149681623855914
samples	0.14149681623855914
processing	1.8322589916563201
processing	1.8322589916563201
processing	1.8322589916563201
Cryo-EM	1.7032512839532377
data	1.0888264518490551
stacks	0.2665859911046392
cryoSPARC3.1	0.2665859911046392
cryoSPARC3.1	0.2665859911046392
Particle	0.23760048385826238
classifications	0.20861497661188558
Preparation	1.799304173277513
smFRET	1.549304173277513
smFRET	1.549304173277513
smFRET	1.549304173277513
smFRET	1.549304173277513
SΔTM	0.31717725801620406
SΔTM	0.31717725801620406
chromatography	0.17749616030701246
chromatography	0.17749616030701246
chromatography	0.17749616030701246
smFRET	3.098608346555026
smFRET	3.098608346555026
smFRET	3.098608346555026
smFRET	3.098608346555026
imaging	2.1215101913615886
Louis	0.782741846222132
Sigma-Aldrich	0.6478514206288422
Sigma-Aldrich	0.6478514206288422
Sigma-Aldrich	0.6478514206288422
Sigma-Aldrich	0.6478514206288422
FRET	0.22820934896615885
photobleaching	0.19708321485235827
photobleaching	0.19708321485235827
smFRET	0.13279750056664397
smFRET	0.13279750056664397
summary	3.806127096194448
summary	3.806127096194448
Reporting	3.598608346555026
the Nature	0.8361106084645502
linked	0.7452015175554593
Summary	0.7452015175554593
Portfolio	0.6920231083989906
Reporting	0.6542924266463684
provided	0.3652904055556206
Data	0.2912060163837147
Data	0.2912060163837147
file. Source	0.27870353615485005
request	0.24840050585181978
fibrosis	0.42777752060976987
CFTR	0.3352255304882297
CFTR	0.3352255304882297
CFTR	0.3352255304882297
CFTR	0.3352255304882297
channel	0.2946552256381153
channel	0.2946552256381153
anion	0.26277761980314435
domains	0.14849190551743005
domains	0.14849190551743005
CFTR	0.3336735604396731
CFTR	0.3336735604396731
CFTR	0.3336735604396731
CFTR	0.3336735604396731
instability	0.2554782414752792
correctors	0.2634994544763896
correctors	0.2634994544763896
correctors	0.2634994544763896
correctors	0.2634994544763896
CFTR	0.24767522012016968
CFTR	0.3696076361793302
CFTR	0.3696076361793302
CFTR	0.3696076361793302
CFTR	0.3696076361793302
elexacaftor	0.3178059842620539
defective	2.299304173277513
exhibits	1.903063548097224
assembly	1.403063548097224
assembly	1.403063548097224
assembly	1.403063548097224
correctors	0.33280530057564833
correctors	0.33280530057564833
correctors	0.33280530057564833
correctors	0.33280530057564833
CFTR	0.3003062043957057
CFTR	0.21595052900365358
CFTR	0.21595052900365358
CFTR	0.21595052900365358
CFTR	0.21595052900365358
domain	0.1828284798276443
CFTR	0.27069855044119956
CFTR	0.27069855044119956
CFTR	0.27069855044119956
CFTR	0.27069855044119956
ATP-bound	0.20273849839746627
Correctors	2.049304173277513
restore	2.049304173277513
dimerization	1.653063548097224
CFTR	1.201224817582823
CFTR	1.201224817582823
CFTR	0.38439194162650336
CFTR	0.38439194162650336
CFTR	0.38439194162650336
CFTR	0.38439194162650336
correctors	0.3833917062631469
CFTR	0.3895864273241589
CFTR	0.3895864273241589
CFTR	0.3895864273241589
CFTR	0.3895864273241589
lumacaftor	0.35741914553453497
NBDs	0.411473199588589
NBDs	0.411473199588589
CFTR	0.25972428488277255
CFTR	0.25972428488277255
CFTR	0.25972428488277255
Trikafta-bound	0.28762163835473864
corrector	0.2670966383294349
corrector	0.2670966383294349
ivacaftor	0.24123819642886632
ivacaftor	0.24123819642886632
Pharmacologically	1.5328694488516752
NBD1/TMD	1.268709032064816
modified	1.1020423653981493
corrected	1.0649769618420746
interface	0.8008165450552154
chain	0.30922571569593105
chain	0.30922571569593105
crevice	0.28762163835473864
NBD1/TMD	0.2670966383294349
interface	0.2528894352805943
CFTR	0.2826411335488995
CFTR	0.2826411335488995
CFTR	0.2826411335488995
CFTR	0.2826411335488995
tryptophan	0.2410946086208839
modulators	1.268709032064816
Trikafta	1.1020423653981493
Trikafta	1.1020423653981493
distinct	1.0045486152779566
sites	0.8817210162502556
ivacaftor	0.29256547226479535
ivacaftor	0.29256547226479535
tezacaftor	0.21942410419859648
tezacaftor	0.21942410419859648
tezacaftor	0.21942410419859648
elexacaftor	0.369983086155824
elexacaftor	0.369983086155824
elexacaftor	0.369983086155824
elexacaftor	0.369983086155824
Elexacaftor	0.24469303561522543
elexacaftor	0.3470441348141629
elexacaftor	0.3470441348141629
elexacaftor	0.3470441348141629
elexacaftor	0.3470441348141629
CFTR	0.23063516497590203
