Introduction	6.419057270731182
tumors	0.2132384390391923
tumors	0.2132384390391923
tumors	0.2132384390391923
anti-tumor	0.20057417810410402
therapies	0.15009748038916138
immunogenic	0.2495596661892081
biomarkers	0.17413041428406714
biomarkers	0.17413041428406714
TIMP-1	0.1723005026801743
TIMP-1	0.1723005026801743
immunogenicity	0.19586695697116155
melanoma	0.15569790786988644
melanoma	0.15569790786988644
melanoma	0.15569790786988644
TIMP-1’s	0.14645098718712357
Materials	3.4522420489507115
methods	2.613206096394393
methods	2.613206096394393
methods	2.613206096394393
subjects	3.820724846033815
subjects	3.820724846033815
Human	2.4892423396726002
criteria	0.12413924658070334
criteria	0.12413924658070334
criteria	0.12413924658070334
tumor	0.1211080821639327
tumor	0.1211080821639327
GDC-TCGA	4.113206096394393
analysis	1.2357623453126587
analysis	1.2357623453126587
analysis	1.2357623453126587
analysis	1.2357623453126587
heatmap	0.17413041428406714
heatmap	0.17413041428406714
survival	0.1723005026801743
survival	0.1723005026801743
survival	0.1723005026801743
Spatial	1.528289938413526
metastatic	1.0639043194360533
melanoma	0.9808968195802846
melanoma	0.9808968195802846
tumors	0.9808968195802846
NanoString	0.21087443206790796
NanoString	0.21087443206790796
immune	0.1963952572720312
Technologies	0.14231677911573493
Technologies	0.14231677911573493
reactome	1.6452824385577571
cross-tissue	1.3808968195802847
spatial	1.2452824385577572
TIMP1	0.9808968195802846
TIMP1	0.9808968195802846
transcriptomes	0.25504984209842774
cores	0.17979881628394423
iROIs	0.16245844936238643
iROIs	0.16245844936238643
iROIs	0.16245844936238643
conditioned	1.6452824385577571
lines	1.1533961148302978
lines	1.1533961148302978
lines	1.1533961148302978
media	1.0639043194360533
Gibco	0.4580310132460434
Gibco	0.4580310132460434
Gibco	0.4580310132460434
Gibco	0.4580310132460434
Gibco	0.4580310132460434
Mice	2.0566030481971964
vivo	2.0566030481971964
BMDCs	1.4761210244753558
BMDCs	1.4761210244753558
culture	1.1456390007535153
C57BL/6 J	0.30754707309295953
mice	0.23014946993004742
mice	0.23014946993004742
mice	0.23014946993004742
Gibco	0.22138165640225432
mononuclear	1.0323445989698266
Primary	0.8238543677359269
peripheral	0.759931656740038
peripheral	0.759931656740038
blood	0.6905849671442894
Miltenyi	0.457022899599377
Biotec	0.25628922757746625
Biotech	0.2285114497996885
Biotech	0.2285114497996885
Biotech	0.2285114497996885
cultures	1.5566030481971964
cultures	1.5566030481971964
conditions	1.5141217978366184
conditions	1.5141217978366184
conditions	1.5141217978366184
recombinant	0.22197308638727153
recombinant	0.22197308638727153
Western	0.15574024280980653
TIMP-1	0.1433678368165861
TIMP-1	0.1433678368165861
blot	1.8066030481971964
blot	1.8066030481971964
lysates	1.6603624230169074
lysates	1.6603624230169074
western	1.6603624230169074
Signaling	0.3265576791481893
Technology	0.30882103387986265
Technology	0.30882103387986265
rabbit	0.30882103387986265
Technology	0.30882103387986265
Flow	2.7421373975962617
cytometry	2.3014946993004743
assays	2.3014946993004743
cytometry	2.3014946993004743
Biolegend	0.5269965304874227
Biolegend	0.5269965304874227
Biolegend	0.5269965304874227
resuspended	0.21210142971928242
Cytek	0.18911292397215598
MHC-I	0.23514776487862526
MHC-I	0.23514776487862526
MHC-I	0.23514776487862526
Relative	0.1963066423997614
populations	0.17503004665508054
cell/T-cell	1.8452824385577573
cross-presentation	1.528289938413526
cross-presentation	1.528289938413526
Dendritic	1.528289938413526
activation	0.9956969358690402
standard	0.15610091736292922
curve	0.15008925857779953
curve	0.15008925857779953
curve	0.15008925857779953
manufacturer’s	0.11811101000652623
Statistical	3.320724846033815
analysis	1.2357623453126587
analysis	1.2357623453126587
analysis	1.2357623453126587
analysis	1.2357623453126587
power	0.1681379668877881
power	0.1681379668877881
power	0.1681379668877881
test	0.11905949966409551
test	0.11905949966409551
Results	5.525972474647694
improved	0.5753736748251186
infiltration	0.5349214392275985
infiltration	0.5349214392275985
enhanced	0.5349214392275985
presentation	0.4515881058942651
dataset	0.2402596728107693
dataset	0.2402596728107693
dataset	0.2402596728107693
types	0.2356111856839644
types	0.2356111856839644
antigen-presentation	0.24280032086286277
triggers	0.20109078137020076
triggers	0.20109078137020076
biomarker	0.18169694994477428
correlations	0.18169694994477428
TPBP	0.3427671746995327
TPBP	0.3427671746995327
TIMP1	0.30653025611883894
TIMP1	0.30653025611883894
MHC-I	0.23024885311032056
HLA-A	0.4113206096394393
HLA-A	0.4113206096394393
HLA-A	0.4113206096394393
HLA-A	0.4113206096394393
IFNG	0.3459904572295795
functional	0.29185595351947885
functional	0.29185595351947885
TIMP1	0.2001830244041397
TIMP1	0.2001830244041397
nodes	0.13100116879043228
reveals	0.6590294423420561
Signatures	0.5876008709134847
Spatial	0.5458178351476878
lymph	0.4931774355643873
nodes	0.458504090766513
stainings	0.19798389569284344
stainings	0.19798389569284344
stainings	0.19798389569284344
stainings	0.19798389569284344
clusters	0.16593115592730062
TIMP1	0.4238443047569131
TIMP1	0.4238443047569131
immune	0.3394485928158564
tumor	0.2666371356284115
tumor	0.2666371356284115
TIMP1	0.30929178995774737
TIMP1	0.30929178995774737
HLA-A	0.2223354646699672
HLA-A	0.2223354646699672
HLA-A	0.2223354646699672
proximity	0.18708308991739803
TIMP1	0.138154481631026
TIMP1	0.138154481631026
TIMP-1	0.13428114293384474
TIMP-1	0.13428114293384474
implications	0.6328009379068297
lymph	0.5311141613770326
immunogenic	0.5311141613770326
cross-tissue	0.5311141613770326
nodes	0.49377363621009096
tumor-resident	0.22232318536840448
TIMP1	0.17727050956270207
TIMP1	0.17727050956270207
tumor-draining	0.17413041428406714
iROIs	0.1663731107928054
Processes	0.1963066423997614
Immune	0.14690391697662603
pathway	0.1348854955145357
pathway	0.1348854955145357
pathway	0.1348854955145357
Myeloid	2.7421373975962617
secrete	2.4088040642629283
TIMP-1	1.5889935247171627
TIMP-1	1.5889935247171627
TIMP-1	1.5889935247171627
differentiated	0.27886143026402666
TIMP1	0.24938054735091983
TIMP1	0.24938054735091983
cells	0.24017752288220554
cells	0.24017752288220554
TIMP-1	0.3231851236712873
TIMP-1	0.3231851236712873
TIMP-1	0.3231851236712873
TIMP-1	0.3231851236712873
secretion	0.15829861507090134
elicits	1.5377353654647976
Soluble	1.5377353654647976
myeloid	1.0377353654647976
MHC-I	0.9209954124412822
MHC-I	0.9209954124412822
TIMP-1	0.23444166758122073
TIMP-1	0.23444166758122073
TIMP-1	0.23444166758122073
TIMP-1	0.23444166758122073
myeloid	0.20414466205864873
MHC-I	0.43770079007110446
MHC-I	0.43770079007110446
MHC-I	0.43770079007110446
panel	0.2633426533257558
panel	0.2633426533257558
TIMP-1	0.2712915773907352
TIMP-1	0.2712915773907352
TIMP-1	0.2712915773907352
TIMP-1	0.2712915773907352
endotoxin	0.20064419982411674
proliferation	0.2804201721859681
proliferation	0.2804201721859681
cell	0.2288357971383939
cell	0.2288357971383939
cell	0.2288357971383939
impacts	2.3066030481971964
immunoproteasome/TAP	1.9103624230169074
complex	1.2085236925025065
complex	1.2085236925025065
complex	1.2085236925025065
peptide	0.3082382273657815
MHC-I	0.2735629937944403
MHC-I	0.2735629937944403
MHC-I	0.2735629937944403
loading	0.24659058189262517
RNA-seq	0.2804106220089111
RNA-seq	0.2804106220089111
RNA-seq	0.2804106220089111
RNA-seq	0.2804106220089111
RNA-seq	0.2804106220089111
Main	9.226412192788786
timing	0.24264299750828516
timing	0.24264299750828516
timing	0.24264299750828516
puberty	0.16577255972704666
puberty	0.16577255972704666
women	0.2393709769419496
women	0.2393709769419496
puberty	0.20833578452182894
puberty	0.20833578452182894
puberty	0.20833578452182894
Results	5.525972474647694
strata	0.2527784162407886
strata	0.2527784162407886
Consortium	0.22538115596681604
Consortium	0.22538115596681604
Association	0.20935478608404465
signals	0.3380405992788728
signals	0.3380405992788728
signals	0.3380405992788728
ancestry-combined	0.31839373716948455
allele	0.27672707050281786
signals	0.47723378721723225
signals	0.47723378721723225
signals	0.47723378721723225
directionally	0.4494970407098606
concordant	0.39067351129809585
Exome	1.0323445989698266
large	0.7741510386758831
identify	0.7466303132555407
rare	0.7223553130494962
effect	0.7112120970493143
carriers	0.1892652247295773
carriers	0.1892652247295773
carriers	0.1892652247295773
carriers	0.1892652247295773
exome-wide	0.17138358734976636
encodes	0.41863416983029444
carriers	0.39498829508781347
carriers	0.39498829508781347
carriers	0.39498829508781347
carriers	0.39498829508781347
MKRN3	0.4329690627783571
boys	0.24280032086286277
Lack	0.24280032086286277
association	0.2325819616174306
adiposity	0.21648453138917856
puberty	0.39530379627218815
puberty	0.39530379627218815
puberty	0.39530379627218815
puberty	0.39530379627218815
puberty	0.39530379627218815
Common	1.5377353654647976
influences	1.5377353654647976
extremes	1.3710686987981309
risk	1.2735749486779382
phenotypic	1.2044020321314641
puberty	0.18687088551048894
puberty	0.18687088551048894
puberty	0.18687088551048894
puberty	0.18687088551048894
puberty	0.18687088551048894
centile	0.2996646938065737
centile	0.2996646938065737
early	0.2928520399614824
early	0.2928520399614824
lowest	0.28338871344269745
predictive	0.24222857625400684
ability	0.24222857625400684
multiphenotype	0.1740832489205431
AUROC = 0.85	0.1740832489205431
interval	0.1740832489205431
carriers	0.27529487233393063
carriers	0.27529487233393063
carriers	0.27529487233393063
carriers	0.27529487233393063
effect	0.22629475815205458
variants	0.25735495836494354
variants	0.25735495836494354
variants	0.25735495836494354
variants	0.25735495836494354
domains	0.2531203751627319
Implicating	2.3066030481971964
variant-to-gene	2.0566030481971964
mapping	1.6603624230169074
genes	0.5566030481971964
genes	0.5566030481971964
nonsynonymous	0.17743100370747666
signals	0.15601873812871053
signals	0.15601873812871053
signals	0.15601873812871053
genes	0.1284468572762761
syndrome	0.23259862670896098
monogenic	0.1740626243168426
hormone	0.16743150484204108
hormone	0.16743150484204108
hormone	0.16743150484204108
gain-related	1.8452824385577573
Weight	1.6452824385577571
unrelated	1.1533961148302978
puberty	1.0277898703076893
puberty	1.0277898703076893
adult	0.36810514303094605
signals	0.345232952455019
signals	0.345232952455019
signals	0.345232952455019
colocalized	0.29380783395325205
weight	0.40991468178735574
weight	0.40991468178735574
weight	0.40991468178735574
early	0.34166071328839615
early	0.34166071328839615
cell-type	1.8452824385577573
Pathway	1.2452824385577572
Pathway	1.2452824385577572
tissue	0.8033917654319671
tissue	0.8033917654319671
brain	0.3813584459321191
brain	0.3813584459321191
brain	0.3813584459321191
gland	0.3690564877115514
Outside	0.3690564877115514
Supplementary	0.37089124657688366
Supplementary	0.37089124657688366
weight	0.2639602117570094
weight	0.2639602117570094
weight	0.2639602117570094
Trajectory01	0.34171897010328833
Trajectory01	0.34171897010328833
GnRH	0.33961998631411683
GnRH	0.33961998631411683
Trajectory03	0.2733751760826307
GPCRs	2.3014946993004743
GPCRs	2.3014946993004743
GPCRs	2.3014946993004743
timing	1.8804832306892099
timing	1.8804832306892099
neurons	0.24471187388278315
neurons	0.24471187388278315
neurons	0.24471187388278315
neurons	0.24471187388278315
neurons	0.24471187388278315
physical	0.34171897010328833
Supplementary	0.2719869141563813
Supplementary	0.2719869141563813
production	0.26764489602921426
tested	0.17655483607968475
earlier	0.2292520453832565
alleles	0.2292520453832565
alleles	0.2292520453832565
puberty	0.18353390541208736
puberty	0.18353390541208736
Joint	1.8452824385577573
ages	1.6452824385577571
menopause	1.528289938413526
menarche	1.4452824385577572
regulation	1.2112974382692947
genetic	0.3371878834057281
follicle	0.2976261997673802
natural	0.2976261997673802
preserve	0.2976261997673802
modest	0.2976261997673802
signals	0.4895760403349193
signals	0.4895760403349193
signals	0.4895760403349193
colocalized	0.3571284878224874
association	0.3047625703952539
CHEK2	0.3964535996524716
CHEK2	0.3964535996524716
CHEK2	0.3964535996524716
1100delC	0.22232318536840448
1100delC	0.22232318536840448
gain’	0.4168063468400525
weight	0.38010270493009346
weight	0.38010270493009346
weight	0.38010270493009346
early	0.3620716130432873
Methods	6.226412192788786
Methods	6.226412192788786
Methods	6.226412192788786
Methods	6.226412192788786
Research	0.3812089097625787
Research	0.3812089097625787
Review	0.2949555997056647
approval	0.2818156774653642
approval	0.2818156774653642
meta-analysis	3.320724846033815
meta-analysis	3.320724846033815
meta-analysis	3.320724846033815
GWAS	2.0282435956732368
GWAS	2.0282435956732368
studies	0.22853448965332243
studies	0.22853448965332243
studies	0.22853448965332243
studies	0.22853448965332243
stratum	0.17379744069272082
Replication	3.075470730929595
explained	2.213816564022543
variance	2.139685756910394
European	0.3212774694562613
DBDS	0.2869678671903065
DBDS	0.2869678671903065
DBDS	0.2869678671903065
replication	0.16056939762561448
phenotype	2.075470730929595
phenotype	2.075470730929595
preparation	1.9681613659671409
preparation	1.9681613659671409
Biobank	1.5676167455772574
puberty	0.26580772507957484
puberty	0.26580772507957484
puberty	0.26580772507957484
puberty	0.26580772507957484
puberty	0.26580772507957484
Rare	2.4088040642629283
associations	1.7421373975962617
variant	1.6348280326338076
tests	0.2656579876827052
tests	0.2656579876827052
tests	0.2656579876827052
tests	0.2656579876827052
tests	0.2656579876827052
Rare	1.8066030481971964
traits	1.8066030481971964
associations	1.3066030481971964
variant	1.2261210244753558
field	0.7731685776186987
field	0.7731685776186987
field	0.7731685776186987
based	0.6003638600083113
based	0.6003638600083113
Rare	1.8066030481971964
panel	1.3298803992950667
panel	1.3298803992950667
panel	1.3298803992950667
panel	1.3298803992950667
Biobank	0.20012128666943713
Biobank	0.20012128666943713
Biobank	0.20012128666943713
monoallelic/X-linked	0.1963066423997614
high-evidence	0.1963066423997614
calculation	9.226412192788786
Biobank	0.3483592767949461
Biobank	0.3483592767949461
Biobank	0.3483592767949461
Europeans	0.34171897010328833
subtracting	0.34171897010328833
centile	0.804363125480803
centile	0.804363125480803
mean	0.6070505867527882
mean	0.6070505867527882
mean	0.6070505867527882
carriers	0.28169707866727783
carriers	0.28169707866727783
carriers	0.28169707866727783
carriers	0.28169707866727783
size	0.25204917538284566
continuous	0.32951472117102804
performance	0.25808614974245664
predictive	0.2292520453832565
corresponding	0.170249306219696
corresponding	0.170249306219696
pipeline	6.64144969206763
pipeline	6.64144969206763
pipeline	6.64144969206763
Mapping	2.0566030481971964
GWAS	1.0141217978366184
signals	1.0141217978366184
GWAS	1.0141217978366184
signals	1.0141217978366184
signals	0.2596151802461743
signals	0.2596151802461743
signals	0.2596151802461743
windows	0.19743389262693087
windows	0.19743389262693087
gene’s	0.40114835620820805
http://hgdownload.soe.ucsc.edu/goldenPath/hg19/database	0.35767009533864286
Center	0.35767009533864286
NCBI	0.35767009533864286
Biotechnology	0.35767009533864286
Colocalization	1.9103624230169074
pQTL	1.8066030481971964
pQTL	1.8066030481971964
data	0.6641391461144595
data	0.6641391461144595
tissue-specific	0.5876008709134847
GTEx	0.3638785567651252
GTEx	0.3638785567651252
GTEx	0.3638785567651252
LDSC-SEG	0.21967648078068536
genomic	0.240290857256312
considered	0.20743686163938335
considered	0.20743686163938335
test	0.19595209319715717
test	0.19595209319715717
captured	0.25471498973558765
pQTL	0.24088040642629285
pQTL	0.24088040642629285
colocalization	0.2139685756910394
colocalization	0.2139685756910394
Mapping	1.3710686987981309
enhancers	1.2044020321314641
enhancers	1.2044020321314641
coding	0.9840806829835704
variants	0.6970030122383887
enhancers	0.4516507620492991
enhancers	0.4516507620492991
locations	0.28832538102464955
cell/tissue	0.28832538102464955
tissues/cells	0.28832538102464955
coding	0.6946451879884027
SIFT	0.5427301289875757
POLYPHEN	0.5427301289875757
variants	0.49200212628592144
variants	0.49200212628592144
Gene-level	3.075470730929595
associations	1.7421373975962617
GWAS	1.352162397115491
GWAS	1.352162397115491
GWAS	1.352162397115491
MAGMA	0.4817608128525857
gene-level	0.46029893986009485
aggregate	0.30754707309295953
collapses	0.30754707309295953
variants	0.2788012048953555
PoPS	0.5484274795192524
PoPS	0.5484274795192524
PoPS	0.5484274795192524
gene	0.34242676133826544
gene	0.34242676133826544
Calculation	4.613206096394393
scores	2.4892423396726002
scores	2.4892423396726002
scores	2.4892423396726002
scores	2.4892423396726002
closest	1.1533015240985982
closest	1.1533015240985982
signal	0.6533015240985982
signal	0.6533015240985982
signal	0.6533015240985982
eQTL	0.7742584492273699
eQTL	0.7742584492273699
colocalization	0.6877561361497695
colocalization	0.6877561361497695
colocalization	0.6877561361497695
pQTL	1.8066030481971964
pQTL	1.8066030481971964
colocalization’	1.1533015240985982
‘eQTL	1.1533015240985982
scoring	0.9033015240985982
coding	0.6055881126052741
scored	0.4658836301035749
points	0.43395766862058693
points	0.43395766862058693
points	0.43395766862058693
enhancers	1.4452824385577572
enhancers	1.4452824385577572
overlapped	0.8226412192788786
targeted	0.6419057270731182
scored	0.6056487191346474
PoPs-prioritized	1.5377353654647976
PoPS	1.3710686987981309
PoPS	1.3710686987981309
PoPS	1.3710686987981309
locus	1.2044020321314641
abovementioned	1.1533015240985982
follows	1.0283015240985982
From	0.9033015240985982
gene-level	0.8630605122376779
sources	0.7783015240985982
scores	0.4392780599422235
scores	0.4392780599422235
scores	0.4392780599422235
scores	0.4392780599422235
scores	0.4392780599422235
scores	0.3318989786230134
scores	0.3318989786230134
scores	0.3318989786230134
scores	0.3318989786230134
scores	0.3318989786230134
sources	0.40607036039926864
sources	0.40607036039926864
sources	0.40607036039926864
sources	0.40607036039926864
sources	0.40607036039926864
High-confidence	3.820724846033815
genes	1.1132060963943928
genes	1.1132060963943928
genes	1.1132060963943928
genes	1.1132060963943928
annotated	0.43395766862058693
European	0.4250748057421303
GWAS	0.31203747625742106
signals	0.31203747625742106
GWAS	0.31203747625742106
OMIM	0.4012883996482335
OMIM	0.4012883996482335
OMIM	0.4012883996482335
annotated	0.27519266790573804
Inheritance	0.22503444372655576
genome-wide	2.0188290637821575
binding	1.5471498973558764
binding	1.5471498973558764
analysis	0.8238415635417724
analysis	0.8238415635417724
fGWAS	0.3656183196795016
fGWAS	0.3656183196795016
sites	0.29517554186967243
sites	0.29517554186967243
sites	0.29517554186967243
SLDP	0.4012883996482335
signed	0.4012883996482335
SLDP	0.4012883996482335
signed	0.4012883996482335
increase	0.2880236145317767
Clustering	1.2735749486779382
body	1.1069082820112714
body	1.1069082820112714
childhood	1.0094145318910788
childhood	1.0094145318910788
body	0.2930051334735719
body	0.2930051334735719
values	0.23468477634618823
values	0.23468477634618823
values	0.23468477634618823
outcome	0.26054656973212914
outcome	0.26054656973212914
SNPs	0.24222857625400684
SNPs	0.24222857625400684
childhood	0.22854668646590465
criterion	0.41006276412394604
k-means	0.41006276412394604
optimal	0.30686595990672993
clusters	0.2691772085042877
clusters	0.2691772085042877
weight’	0.567338771916468
weight’	0.567338771916468
early	0.34334377098932417
early	0.34334377098932417
grouped	0.283669385958234
Biological	2.0566030481971964
Biological	2.0566030481971964
pathway	1.0566030481971964
pathway	1.0566030481971964
pathway	1.0566030481971964
childhood	0.23294181505178746
childhood	0.23294181505178746
early	0.19148017997481542
early	0.19148017997481542
client	0.17743100370747666
pathways	0.4825405469342691
pathways	0.4825405469342691
pathways	0.4825405469342691
pathways	0.4825405469342691
overlap	0.3831605591577479
pathway	0.5561068674722086
pathway	0.5561068674722086
pathway	0.5561068674722086
pathways	0.44021242878214023
pathways	0.44021242878214023
GnRH	1.9103624230169074
GnRH	1.9103624230169074
Expression	1.441745143537872
neurons	1.2847373378846116
neurons	1.2847373378846116
AAM-associated	0.35661429281839896
trajectory	0.28301665526176406
trajectory	0.28301665526176406
trajectory	0.28301665526176406
trajectory	0.28301665526176406
Colocalization	2.5471498973558764
menopause	2.5471498973558764
signals	1.352162397115491
signals	1.352162397115491
signals	1.352162397115491
outcome	0.2761793639160569
outcome	0.2761793639160569
colocalization	0.2567622908292473
statistics	0.2567622908292473
colocalization	0.2567622908292473
listed	0.26349826524371134
list	0.21917152065064313
list	0.21917152065064313
repair’	0.21210142971928242
expert-curated	0.21210142971928242
GPR83–MC3R	4.613206096394393
interaction	2.262986237323847
interaction	2.262986237323847
interaction	2.262986237323847
Brain-expressed	4.613206096394393
GPCRs	3.4522420489507115
GPCRs	3.4522420489507115
GPCRs	3.4522420489507115
brain-expressed	0.17691209016750079
tested	0.15377356690811253
tested	0.15377356690811253
GPCRs	0.14848352898712738
GPCRs	0.14848352898712738
transfection	2.4088040642629283
transfection	2.4088040642629283
Cell	1.6854957304488245
Cell	1.6854957304488245
culture	1.5275186676713537
Gibco	0.5929865796488955
Gibco	0.5929865796488955
Gibco	0.5929865796488955
Gibco	0.5929865796488955
Gibco	0.5929865796488955
dimerization	2.7421373975962617
BRET	2.7421373975962617
measure	2.4088040642629283
Venus	0.30754707309295953
Venus	0.30754707309295953
RlucII	0.20503138206197302
RlucII	0.20503138206197302
533 ± 25 nm/absorbance	0.20503138206197302
Time-resolved	3.075470730929595
cAMP	2.5471498973558764
assay	1.424071960800637
assay	1.424071960800637
assay	1.424071960800637
cAMP	0.31576238396973677
plasmid	0.27194751050541444
plasmid	0.27194751050541444
Promega	0.22875402130881287
Promega	0.22875402130881287
epistasis	4.113206096394393
Genetic	3.613206096394393
interaction	0.43799733625622844
interaction	0.43799733625622844
interaction	0.43799733625622844
dosages	0.2976261997673802
genotypes	0.2976261997673802
Statistics	4.613206096394393
reproducibility	4.613206096394393
data	0.216231349897731
data	0.216231349897731
data	0.216231349897731
data	0.216231349897731
replicated	0.21456772541369268
study	0.39311148383780115
study	0.39311148383780115
study	0.39311148383780115
genetic	0.27507432593625186
occurring	0.24280032086286277
Reporting	4.113206096394393
summary	2.820724846033815
article	0.8387647447989806
design	0.7478556538898896
Reporting	0.7478556538898896
Portfolio	0.7478556538898896
Summary	0.7478556538898896
content	3.820724846033815
Online	2.6597607985901335
Online	2.6597607985901335
information	0.3940386368281679
information	0.3940386368281679
information	0.3940386368281679
information	0.3940386368281679
interests	0.34171897010328833
information	2.6597607985901335
information	2.6597607985901335
information	2.6597607985901335
information	2.6597607985901335
Supplementary	1.835911670555574
claims	0.7097240148299067
Publisher’s	0.7097240148299067
Springer	0.7097240148299067
jurisdictional	0.7097240148299067
regard	0.6328009379068297
Kentistou	0.8387647447989806
Katherine	0.8387647447989806
Felix	0.8387647447989806
Kaisinger	0.8387647447989806
John	0.8387647447989806
paper	1.3710686987981309
Full	1.3710686987981309
paper	1.3710686987981309
authors	1.3710686987981309
affiliations	1.2735749486779382
Full	1.1752017418269693
Information	1.1752017418269693
Information	1.1752017418269693
affiliations	1.0916356702953756
affiliations	1.0916356702953756
Change	4.613206096394393
history	4.113206096394393
Correction	3.075470730929595
paper	2.7421373975962617
paper	2.7421373975962617
published	1.9681613659671409
published	1.9681613659671409
available	0.3099981147018968
available	0.3099981147018968
available	0.3099981147018968
23andMe	0.27293628871510806
23andMe	0.27293628871510806
Introduction	6.419057270731182
squamous	0.6590294423420561
carcinomas	0.6590294423420561
sixth	0.6590294423420561
Head	0.6590294423420561
neck	0.6590294423420561
mucosal	0.24280032086286277
HNSCC	0.13523550925101174
HNSCC	0.13523550925101174
HNSCC	0.13523550925101174
HNSCC	0.13523550925101174
stratification	0.21624403576848716
stratification	0.21624403576848716
stratification	0.21624403576848716
patient	0.16934553971034944
patient	0.16934553971034944
Materials/subjects	4.613206096394393
methods	2.613206096394393
methods	2.613206096394393
methods	2.613206096394393
collection	3.820724846033815
collection	3.820724846033815
Data	2.820724846033815
LUNG	0.6150941461859191
HNSC	0.6150941461859191
CESC	0.6150941461859191
Xenabrowser	0.6150941461859191
HiSeqV2_PANCAN	0.6150941461859191
DataSets	0.7097240148299067
Omnibus	0.7097240148299067
scRNA-seq	0.5878038224667408
scRNA-seq	0.5878038224667408
derived	0.4541910844539556
Weighted	1.6452824385577571
co-expression	1.1533961148302978
network	0.9808968195802846
network	0.9808968195802846
gene	0.5136401420073983
matrix	0.33119213791429714
matrix	0.33119213791429714
matrix	0.33119213791429714
module	0.278000648552595
module	0.278000648552595
Kaplan–Meier	2.7421373975962617
survival	1.5889935247171627
survival	1.5889935247171627
survival	1.5889935247171627
analysis	0.8238415635417724
tree-structured	0.32951472117102804
partitioning	0.29380043545674234
partitioning	0.29380043545674234
Kaplan–Meier	0.29380043545674234
recursive	0.29380043545674234
survival	0.31779870494343254
survival	0.31779870494343254
survival	0.31779870494343254
p-values	0.30754707309295953
expression”	0.30754707309295953
Pathway	2.075470730929595
Pathway	2.075470730929595
interaction	1.5086574915492312
interaction	1.5086574915492312
interaction	1.5086574915492312
5-year	0.6003899215566455
survival	0.4145200499262164
survival	0.4145200499262164
survival	0.4145200499262164
Significant	0.40114835620820805
Interacting	0.30754707309295953
https://maayanlab.cloud/Enrichr	0.30754707309295953
Search	0.30754707309295953
Retrieval	0.30754707309295953
protein-protein-interaction	0.30754707309295953
scRNA-seq	1.2735749486779382
scRNA-seq	1.2735749486779382
Analysis	0.8710686987981309
HNSCC	0.856491558589741
HNSCC	0.856491558589741
fibroblast	0.3733151566277704
fibroblast	0.3733151566277704
original	0.32951472117102804
non-cancer	0.32951472117102804
Seurat	0.32951472117102804
Gene	1.6854957304488245
enrichment	1.2896200627235672
enrichment	1.2896200627235672
enrichment	1.2896200627235672
analysis	0.8238415635417724
input	0.2751024544599078
cell	0.2672475202294814
cell	0.2672475202294814
cell	0.2672475202294814
AUCell	0.2636117769368224
Score	3.820724846033815
Score	3.820724846033815
development	2.6597607985901335
development	2.6597607985901335
translated	0.6150941461859191
Foroutan	0.6150941461859191
WGCNA-derived	0.5484274795192524
colleagues	0.4817608128525857
colleagues	0.4817608128525857
TCGA-HNSCC	0.47008069673078773
rank	0.39454194845150986
mean	0.32954174709437073
mean	0.32954174709437073
mean	0.32954174709437073
Immune-suppression	4.613206096394393
analysis	1.2357623453126587
analysis	1.2357623453126587
analysis	1.2357623453126587
analysis	1.2357623453126587
survival	0.2804106220089111
survival	0.2804106220089111
survival	0.2804106220089111
Score”	0.27136506449378783
“Immune	0.27136506449378783
Trait	4.613206096394393
relationships	3.209528635365591
relationships	3.209528635365591
relationships	3.209528635365591
Relationships	0.6590294423420561
PRCA	0.6590294423420561
eigengene	0.6590294423420561
Pearson	0.5458178351476878
clinicopathological	0.5458178351476878
Computer	4.613206096394393
availability	4.113206096394393
computer	1.0283015240985982
Custom	1.0283015240985982
request	0.9033015240985982
request	0.9033015240985982
author	0.8630605122376779
Results	5.525972474647694
Multiple	1.3180588846841121
networks	0.9487785274382328
networks	0.9487785274382328
co-expression	0.8238543677359269
HNSCC	0.7341356216483494
survival	0.20071497154322054
survival	0.20071497154322054
survival	0.20071497154322054
lists	0.19125749025304653
lists	0.19125749025304653
status	0.29056342402795876
status	0.29056342402795876
status	0.29056342402795876
status	0.29056342402795876
correlations	0.17261210244753558
zinc	0.34966510610268314
fingers	0.2976261997673802
score	0.24466873506515194
score	0.24466873506515194
score	0.24466873506515194
HNSCC	0.4894237477655663
HNSCC	0.4894237477655663
HNSCC	0.4894237477655663
HNSCC	0.4894237477655663
determinant	0.4393529615613707
Pink_DS	0.8387647447989806
DarkOrange_DS	0.8387647447989806
remainder	0.8387647447989806
Cyan_IS	0.6569465629807987
Cyan_IS	0.6569465629807987
probability	0.865212455906639
HNSCC	0.7341356216483494
HNSCC	0.7341356216483494
HNSCC	0.7341356216483494
HNSCC	0.7341356216483494
System’	0.3459904572295795
immune	0.28640975018837883
genes	0.22264121927887856
genes	0.22264121927887856
genes	0.22264121927887856
Suppression	0.31839373716948455
cervical	0.31839373716948455
Immune	0.2876868374125593
survival	0.24828023823705667
survival	0.24828023823705667
probability	1.0094145318910788
decreased	0.9402416153446049
HNSCC	0.856491558589741
HNSCC	0.856491558589741
HNSCC	0.856491558589741
CAFs	0.19913119840551338
CAFs	0.19913119840551338
scRNAseq	0.13275413227034225
scRNAseq	0.13275413227034225
adenosine	0.13275413227034225
probability	1.0094145318910788
decreased	0.9402416153446049
HNSCC	0.856491558589741
HNSCC	0.856491558589741
HNSCC	0.856491558589741
module	0.2430889391994784
module	0.2430889391994784
module	0.2430889391994784
autophagy	0.21456772541369268
autophagy	0.21456772541369268
apply	1.3180588846841121
HNSCC-derived	1.0916356702953756
networks	0.9487785274382328
networks	0.9487785274382328
survival-associated	0.8894874561126836
cancer	0.4091939690138666
cancer	0.4091939690138666
cancer	0.4091939690138666
survival	0.3666908133962683
survival	0.3666908133962683
computer	0.5876008709134847
Custom	0.5876008709134847
supplementary	0.5458178351476878
manuscript	0.5458178351476878
files	0.5458178351476878
Introduction	6.419057270731182
dementia	0.3046819330662513
dementia	0.3046819330662513
million	0.26764489602921426
increase	0.2186845962185712
among	0.2135918731167218
cortex	0.335323887277002
cortex	0.335323887277002
cortex	0.335323887277002
cortex	0.335323887277002
cortex	0.335323887277002
glutamatergic	0.2976261997673802
disease	0.2851004690794311
disease	0.2851004690794311
disease	0.2851004690794311
disease	0.2851004690794311
drug-gene	0.19798389569284344
interaction	0.18599886882113809
interaction	0.18599886882113809
interaction	0.18599886882113809
genes	0.15249398580745108
Materials	3.4522420489507115
Methods	3.113206096394393
Methods	3.113206096394393
Methods	3.113206096394393
Methods	3.113206096394393
Microarray	3.075470730929595
Data	1.8804832306892099
Analysis	1.7421373975962617
probes	0.2804458702087086
probes	0.2804458702087086
samples	0.2313765121789121
samples	0.2313765121789121
samples	0.2313765121789121
Functional	2.5471498973558764
Enrichment	2.0188290637821575
Analysis	1.7421373975962617
Gene	0.388960553180498
Kyoto	0.35486200741495333
ggplot2	0.35486200741495333
web-based	0.35486200741495333
http://metascape.org	0.35486200741495333
Protein-Protein	1.9103624230169074
Interaction	1.7261210244753558
Enrichment	1.5141217978366184
Analysis	1.3066030481971964
MCODE	0.3674446877689213
MCODE	0.3674446877689213
network	0.24938054735091983
network	0.24938054735091983
components	0.18369685663495533
Drug-Gene	2.7421373975962617
Interaction	2.3014946993004743
Analysis	1.7421373975962617
drugs	0.6262494898274324
drugs	0.6262494898274324
drugs	0.6262494898274324
existing	0.5287618677650332
interactions	0.2594888583990374
Model	4.113206096394393
Prediction	3.4522420489507115
model	0.26907004101082066
model	0.26907004101082066
model	0.26907004101082066
model	0.26907004101082066
subsets	0.17628026127404542
Results	5.525972474647694
Identification	7.64144969206763
upregulated	0.3947123196176924
upregulated	0.3947123196176924
downregulated	0.3733151566277704
downregulated	0.3733151566277704
downregulated	0.3733151566277704
Functional	1.9103624230169074
DEGs	1.5566030481971964
DEGs	1.5566030481971964
DEGs	1.5566030481971964
Enrichment	1.5141217978366184
downregulated	0.25187528639945955
downregulated	0.25187528639945955
downregulated	0.25187528639945955
overlapping	0.23201411821919937
DEGs	0.2250510431128477
Protein-Protein	1.9103624230169074
Interaction	1.7261210244753558
Enrichment	1.5141217978366184
Analysis	1.3066030481971964
gamma-aminobutyric	0.3594706049138488
receptor	0.30672644664422977
receptor	0.30672644664422977
MCODE	0.28154852699177085
MCODE	0.28154852699177085
Drug-Gene	2.7421373975962617
Interaction	2.3014946993004743
Analysis	1.7421373975962617
drugs	0.50944898974057
drugs	0.50944898974057
drugs	0.50944898974057
GABRG2	0.3917339139423231
GABRB2	0.3917339139423231
Model	4.113206096394393
Prediction	3.4522420489507115
cross-validation	0.29380043545674234
Forest	0.29380043545674234
fivefold	0.29380043545674234
cross-validation	0.29380043545674234
Naïve	0.29380043545674234
cited	0.9226412192788787
support	0.664144969206763
datasets	0.5641449692067629
datasets	0.5641449692067629
datasets	0.5641449692067629
INTRODUCTION	9.226412192788786
repeat	0.3355058979195922
ataxia	0.3355058979195922
homozygous	0.1677529489597961
Friedreich's	0.1677529489597961
encoded	0.1677529489597961
exists	0.2976261997673802
disease	0.2851004690794311
disease	0.2851004690794311
disease	0.2851004690794311
disease	0.2851004690794311
signatures	0.39848698152405776
signatures	0.39848698152405776
signatures	0.39848698152405776
bring	0.1845282438557757
conduct	0.1845282438557757
living	0.24280032086286277
FRDA	0.2325819616174306
FRDA	0.2325819616174306
FRDA	0.2325819616174306
FRDA	0.2325819616174306
FRDA	0.3314292953048386
FRDA	0.3314292953048386
FRDA	0.3314292953048386
FRDA	0.3314292953048386
FRDA	0.3314292953048386
RESULTS	9.226412192788786
identifies	1.025156910309865
CTRL	0.5709943723931606
CTRL	0.5709943723931606
CTRL	0.5709943723931606
CTRL	0.5709943723931606
FRDA	0.30215776210127737
FRDA	0.30215776210127737
FRDA	0.30215776210127737
FRDA	0.30215776210127737
FRDA	0.30215776210127737
fibroblast	0.1560123042623518
fibroblast	0.1560123042623518
CTRL	0.15340147318025213
CTRL	0.15340147318025213
CTRL	0.15340147318025213
CTRL	0.3083369610923068
CTRL	0.3083369610923068
CTRL	0.3083369610923068
CTRL	0.3083369610923068
CTRL	0.3083369610923068
Fig. 2A	0.6093638661325026
Fig. 2A	0.6093638661325026
FRDA	0.49100636341457576
FRDA	0.49100636341457576
FRDA	0.49100636341457576
perturbed	0.914045799198754
define	0.7132285856367979
molecules	0.5910579552422518
molecules	0.5910579552422518
molecules	0.5910579552422518
PANTHER	0.2722016715211898
PANTHER	0.2722016715211898
PANTHER	0.2722016715211898
list	0.21424631793939272
list	0.21424631793939272
Fig. 2B	0.4169083957378146
Fig. 2B	0.4169083957378146
Fig. 2B	0.4169083957378146
Fig. 2B	0.4169083957378146
metabolic	0.3703302271575682
categories	0.2767294307906127
categories	0.2767294307906127
categories	0.2767294307906127
involved	0.2283977489572643
alanine	0.20503138206197302
categories	0.3277059048836203
categories	0.3277059048836203
categories	0.3277059048836203
Fig. 2B	0.25355832255399247
Fig. 2B	0.25355832255399247
categories	0.2358489466965449
categories	0.2358489466965449
categories	0.2358489466965449
Table 1	0.16423664074519967
Table 1	0.16423664074519967
ribosomal	0.32847328149039934
aaRS	0.27958824826632683
aaRS	0.27958824826632683
FRDA	0.2008662395786901
FRDA	0.2008662395786901
FRDA	0.2118726088706731
FRDA	0.2118726088706731
FRDA	0.2118726088706731
FRDA	0.2118726088706731
FRDA	0.2118726088706731
categories	0.18679236578366357
categories	0.18679236578366357
categories	0.18679236578366357
microtubule	0.1845282438557757
FRDA	0.17676229082924727
upregulation	0.271227772002726
FRDA	0.24896097299893982
FRDA	0.24896097299893982
FRDA	0.24896097299893982
FRDA	0.24896097299893982
repair	0.5680581655514321
excision	0.3265986616916384
glycosylase	0.24494899626872882
homolog	0.24494899626872882
glycosylase	0.24494899626872882
Table 2	0.2527784162407886
significantly	0.21594575199597463
Reactome	0.18195752581007205
pathways	0.17186375644234242
pathways	0.17186375644234242
normalizer	0.6946772447334209
Comparison	0.627680372536493
sets	0.5128590629152391
sets	0.5128590629152391
sets	0.5128590629152391
FRDA	0.16720757240604472
FRDA	0.16720757240604472
FRDA	0.16720757240604472
FRDA	0.16720757240604472
FRDA	0.16720757240604472
Comparison	0.7671648997668248
signatures	0.7379388546741811
signatures	0.7379388546741811
signatures	0.7379388546741811
peripheral	0.5910579552422518
FRDA	0.3421205628953174
FRDA	0.3421205628953174
FRDA	0.3421205628953174
FRDA	0.3421205628953174
FRDA	0.3421205628953174
FRDA	0.29460381804874547
FRDA	0.29460381804874547
FRDA	0.29460381804874547
FRDA	0.29460381804874547
FRDA	0.29460381804874547
FRDA	0.23979380538851375
FRDA	0.23979380538851375
FRDA	0.23979380538851375
FRDA	0.23979380538851375
FRDA	0.23979380538851375
FRDA	0.3314292953048386
FRDA	0.3314292953048386
FRDA	0.3314292953048386
FRDA	0.3314292953048386
FRDA	0.3314292953048386
METHODS	4.613206096394393
MATERIALS	4.613206096394393
Primary	1.441745143537872
isolation	1.4103624230169074
isolation	1.4103624230169074
fibroblast	1.3066030481971964
fibroblast	1.3066030481971964
Life	0.45375797669453044
Technologies	0.3266286733803752
Technologies	0.3266286733803752
CHOP	0.30250531779635365
CHOP	0.30250531779635365
preparation	1.4761210244753558
preparation	1.4761210244753558
RNA-Seq	1.4103624230169074
isolation	1.4103624230169074
RNA-Seq	1.4103624230169074
preparation	0.17197526498742008
preparation	0.17197526498742008
Center	0.15973615908327737
Center	0.15973615908327737
Cancer	0.1340676523864354
Differential	1.7261210244753558
analyses	1.045504518357583
analyses	1.045504518357583
analyses	1.045504518357583
gene	0.6420501775092478
DESeq	0.23484355868528717
DESeq	0.23484355868528717
HTSeq	0.22503444372655576
HTSeq	0.22503444372655576
version	0.20639450092930356
Hierarchical	2.5471498973558764
heatmaps	2.3014946993004743
clustering	1.9681613659671409
clustering	1.9681613659671409
clustering	1.9681613659671409
clustering	0.3768819636958355
clustering	0.3768819636958355
clustering	0.3768819636958355
centered	0.32516807200287784
linkage	0.30750690182079937
statistical	2.3067922296605956
over-representation	1.1808968195802847
analyses	0.8364036146860665
analyses	0.8364036146860665
analyses	0.8364036146860665
tests	0.5313159753654104
tests	0.5313159753654104
tests	0.5313159753654104
tests	0.5313159753654104
tests	0.5313159753654104
released	0.27787089789336833
presented	0.23342026439022479
PANTHER	0.22023589786714448
PANTHER	0.22023589786714448
PANTHER	0.22023589786714448
Introduction	6.419057270731182
PDGFRA	0.29822641543969847
PDGFRA	0.29822641543969847
PDGFRA	0.29822641543969847
PDGFRA	0.29822641543969847
GIST	0.26010943162561334
Results	5.525972474647694
GIST	0.3936322731934282
GIST	0.3936322731934282
GIST	0.3936322731934282
GIST	0.3936322731934282
mutant	0.3844653716100992
metastases	0.7478556538898896
metastases	0.7478556538898896
metastases	0.7478556538898896
metastases	0.7478556538898896
treated	0.33490742270592083
Profile	3.075470730929595
Expression	1.922326858050496
Gene	1.6854957304488245
mutant	0.3425929053951379
GIST	0.2338409543723336
GIST	0.2338409543723336
GIST	0.2338409543723336
GIST	0.2338409543723336
log2Ratio	0.35767009533864286
log2Ratio	0.35767009533864286
log2Ratio	0.35767009533864286
p-value	0.3322369431333752
p-value	0.3322369431333752
Fusion	1.8452824385577573
Transcript	1.6452824385577571
Transcriptome	1.528289938413526
Sequencing	1.328289938413526
Whole	1.328289938413526
MGDA2	0.36182008599171706
fusion	0.3226043997172073
read-through	0.18091004299585853
breakpoint	0.18091004299585853
C14orf159	0.18091004299585853
view	0.5484274795192524
view	0.5484274795192524
aberrations	0.5484274795192524
chimeric	0.5484274795192524
chromosomal	0.5094299794711753
Exome	2.4088040642629283
Sequencing	2.213816564022543
Whole	2.213816564022543
samples	0.27515044691546303
samples	0.27515044691546303
samples	0.27515044691546303
samples	0.27515044691546303
samples	0.27515044691546303
variants	0.5227522591787915
variants	0.5227522591787915
variants	0.5227522591787915
variants	0.5227522591787915
min–max	0.3844338413661994
leukemia	0.3926132847995228
lymphocytic	0.3926132847995228
mutational	0.32516807200287784
somatic	0.30750690182079937
load	0.30750690182079937
somatic	0.20413593764940072
mutated	0.1563798676743862
metastases	0.13943071513201333
metastases	0.13943071513201333
metastases	0.13943071513201333
chromosomes	0.36420048129429416
chromosome	0.2457794286627152
arms	0.24280032086286277
loss	0.23907186281630816
samples	0.17860643045389704
Modeling	4.613206096394393
Silico	4.613206096394393
structure	0.2837078185162809
structure	0.2837078185162809
substitution	0.21937099180770098
imatinib	0.1927043251410343
imatinib	0.1927043251410343
state	0.48560064172572553
conserved	0.48560064172572553
motif	0.48560064172572553
assume	0.48560064172572553
Asp836-Phe837-Gly83	0.48560064172572553
DFG-out	0.5222497467616294
DFG-out	0.5222497467616294
conformation	0.4090421995918181
conformation	0.4090421995918181
imatinib	0.2726947997278787
crenolanib	0.46311816315561394
crenolanib	0.46311816315561394
conformation	0.32847328149039934
conformation	0.32847328149039934
kinase	0.26838564081370103
Materials	3.4522420489507115
Methods	3.113206096394393
Methods	3.113206096394393
Methods	3.113206096394393
Methods	3.113206096394393
approval	0.8630605122376779
approval	0.8630605122376779
113/2008/U/Tess	0.3844338413661994
S.Orsola-Malpighi	0.3844338413661994
September	0.3844338413661994
snap-frozen	0.28832538102464955
patient’s	0.28832538102464955
Fresh	0.28832538102464955
liquid	0.28832538102464955
tumor	0.2699700998237667
patient	0.40898545439480616
patient	0.40898545439480616
samples	0.32014360175698525
samples	0.32014360175698525
samples	0.32014360175698525
Paired-End	1.8452824385577573
Whole-Transcriptome	1.8452824385577573
Exome-Sequencing	1.8452824385577573
Whole	1.328289938413526
Sequencing	1.328289938413526
Illumina	0.3162595091460776
Illumina	0.3162595091460776
Illumina	0.3162595091460776
Illumina	0.3162595091460776
average	0.23019498904809646
Illumina	0.3266286733803752
Illumina	0.3266286733803752
Illumina	0.3266286733803752
Illumina	0.3266286733803752
Nimblegen	0.30250531779635365
Bioinformatic	4.613206096394393
Analysis	2.613206096394393
customized	0.6590294423420561
Linux	0.6590294423420561
bioinformatic	0.6590294423420561
CentOS5	0.6590294423420561
open	0.5876008709134847
reads	0.13106774032162474
reads	0.13106774032162474
adopted	0.10949109383013311
minimum	0.10949109383013311
minimum	0.10949109383013311
depth	0.3789046151287366
depth	0.3789046151287366
total	0.1498949698479446
total	0.1498949698479446
total	0.1498949698479446
FREEC	0.3765882527668892
uncertainty	0.33577192623627694
uncertainty	0.33577192623627694
Control	0.33577192623627694
given	0.3118959057986787
PDGFRA	0.47012080767230247
PDGFRA	0.47012080767230247
PDGFRA	0.47012080767230247
PDGFRA	0.47012080767230247
structure	0.4432934664316889
conformation	0.42508307016404623
conformation	0.42508307016404623
active	0.31291303512825097
ClustalW2	0.27136506449378783
Discrete	0.27136506449378783
grid	0.457022899599377
binding	0.17190554415065293
binding	0.17190554415065293
Autodock	0.17085948505164417
autogrid	0.17085948505164417
Introduction	6.419057270731182
seizures	0.291775330487781
seizures	0.291775330487781
seizures	0.291775330487781
pathogenic	0.291775330487781
pathogenic	0.291775330487781
antioxidant	0.3803374838309887
activity	0.18563882513414892
activity	0.18563882513414892
activity	0.18563882513414892
factor	0.13753716296812593
epilepsy	0.27462716734425224
epilepsy	0.27462716734425224
epilepsy	0.27462716734425224
iron	0.2678773083522646
iron	0.2678773083522646
iron	0.37024470832973716
iron	0.37024470832973716
iron	0.37024470832973716
iron	0.37024470832973716
iron	0.37024470832973716
Materials	3.4522420489507115
methods	2.613206096394393
methods	2.613206096394393
methods	2.613206096394393
Subjects	8.226412192788786
Amsterdam	0.2491777073500314
Amsterdam	0.2491777073500314
Amsterdam	0.2491777073500314
brain	0.2072600249631082
brain	0.2072600249631082
Immunohistochemistry	2.3066030481971964
paraffin-embedded	1.6047643176827955
brain	1.191745143537872
brain	1.191745143537872
brain	1.191745143537872
polyclonal	0.3542393896984994
polyclonal	0.3542393896984994
rabbit	0.33499924072530796
rabbit	0.33499924072530796
rabbit	0.33499924072530796
antibody	0.19924519016924114
antibody	0.19924519016924114
Vector	0.19743389262693087
polyclonal	0.1833947926096231
polyclonal	0.1833947926096231
slides	0.34742366311484546
incubated	0.24310034573781125
distilled	0.1991678105163872
ferrocyanide	0.17743100370747666
room	0.17032165667023336
immunohistochemistry	3.820724846033815
Quantification	3.613206096394393
0 = absent	0.27136506449378783
immunoreactivity	0.27136506449378783
2 = moderate	0.27136506449378783
intensity	0.2247485203549303
evaluated	0.17366129699710067
Quantitative	1.8452824385577573
susceptibility	1.328289938413526
mapping	1.328289938413526
epilepsy	1.1808968195802847
epilepsy	1.1808968195802847
image	0.1667515985024754
male	0.1346239802446141
male	0.1346239802446141
male	0.1346239802446141
male	0.1346239802446141
isolation	2.820724846033815
isolation	2.820724846033815
sequencing	2.320724846033815
sequencing	2.320724846033815
Dunedin	0.28832538102464955
miRNA	0.28832538102464955
Ocean	0.28832538102464955
Bioanalyzer	0.28832538102464955
RNAseq	0.28832538102464955
library	1.5566030481971964
library	1.5566030481971964
preparation	1.4761210244753558
preparation	1.4761210244753558
RNA-Seq	1.4103624230169074
sequencing	0.24754398357694027
sequencing	0.24754398357694027
Directional	0.24603765847436762
Ultra	0.24603765847436762
Library	0.21937099180770098
Bioinformatics	2.3066030481971964
RNA-Seq	1.4103624230169074
RNA-Seq	1.4103624230169074
RNA-Seq	1.4103624230169074
RNA-Seq	1.4103624230169074
removal	0.5307362705025023
removal	0.5307362705025023
read	0.4284806252946858
read	0.4284806252946858
quality	0.38093445792912406
counts	0.2911772688147343
package	0.21253740287106515
package	0.21253740287106515
package	0.21253740287106515
package	0.21253740287106515
R-HSA-3299685	0.2976261997673802
R-HSA-917937	0.2976261997673802
curated	0.2976261997673802
R-HSA-156590	0.2976261997673802
detoxification	0.26536813525125114
Experimental	4.613206096394393
animals	4.113206096394393
rats	0.26200233758086455
rats	0.26200233758086455
brain	0.19457063567965258
brain	0.19457063567965258
brain	0.19457063567965258
post‐SE	0.26743223747213873
perfused	0.22149129542225013
rats	0.18605963103568643
rats	0.18605963103568643
phase	0.18047571573300827
chronic	0.44854293354511576
chronic	0.44854293354511576
chronic	0.44854293354511576
chronic	0.44854293354511576
chronic	0.44854293354511576
slice	2.0566030481971964
slice	2.0566030481971964
Mouse	1.9103624230169074
preparation	1.4761210244753558
preparation	1.4761210244753558
slices	0.2814173598333741
bubbled	0.2345698015115793
carbogen	0.2345698015115793
carbogen	0.2345698015115793
brain	0.16159256183564366
Multichannel	0.37813164724544207
Multichannel	0.37813164724544207
recording	0.31317416770768974
Reutlingen	0.22687898834726522
ACSF	0.18790450062461383
Merck-Millipore	0.4021815627404015
Merck-Millipore	0.4021815627404015
Burlington	0.3803374838309887
Burlington	0.3803374838309887
optionally	0.24280032086286277
stimulation	1.8063524235770605
stimulation	1.8063524235770605
stimulation	1.8063524235770605
Cell	1.6854957304488245
Cell	1.6854957304488245
Waltham	0.17539189275461367
Waltham	0.17539189275461367
Fisher	0.17060527299567532
Thermo	0.16245015701835178
Thermo	0.16245015701835178
astrocytes	0.21168192463793678
astrocytes	0.21168192463793678
astrocytes	0.21168192463793678
cells/well	0.16936903576848716
albumin	0.16936903576848716
viability	3.209528635365591
viability	3.209528635365591
viability	3.209528635365591
assay	2.1361079412009554
assay	2.1361079412009554
viability	0.3209528635365591
viability	0.3209528635365591
viability	0.3209528635365591
complete	0.25471498973558765
lysis	0.2139685756910394
immunoassays	1.3180588846841121
SHSY5Y	0.9863548711287746
astrocyte	0.9487785274382328
supernatant	0.917008181533026
supernatant	0.917008181533026
concentration	0.381101549975703
concentration	0.381101549975703
HMGB-1/IL-6	0.31815214457892366
Sanquin	0.31815214457892366
Hamburg	0.283669385958234
microscopy	4.613206096394393
Electron	4.113206096394393
resin	0.2527784162407886
acid	0.24889673389095096
acid	0.24889673389095096
placed	0.18195752581007205
Transmission	0.1263892081203943
real-time	2.5471498973558764
quantitative	2.213816564022543
isolation	1.8804832306892099
isolation	1.8804832306892099
Qiazol	0.3056579876827052
ice-cold	0.3056579876827052
mixed	0.28905648771155146
chloroform	0.1845282438557757
RNase-free	0.1845282438557757
cDNA	0.18330488755490504
cDNA	0.18330488755490504
primers	0.1632993308458192
denaturation	0.1632993308458192
primers	0.1632993308458192
blot	2.4088040642629283
blot	2.4088040642629283
Western	2.3014946993004743
analysis	0.8238415635417724
analysis	0.8238415635417724
Diagnostics	0.20503138206197302
orthovanadate	0.20503138206197302
Protease	0.20503138206197302
Mannheim	0.20503138206197302
0.4 mg/ml	0.20503138206197302
TBS-T	0.19703981300092901
TBS-T	0.19703981300092901
TBS-T	0.19703981300092901
TBS-T	0.19703981300092901
β-tubulin	0.1657439316069842
determination	1.8066030481971964
determination	1.8066030481971964
lysates	1.6603624230169074
Iron	1.6603624230169074
lysates	1.6603624230169074
mixed	0.3235706951994978
iron	0.2578818863988219
iron	0.2578818863988219
iron	0.2578818863988219
iron	0.2578818863988219
Statistical	3.320724846033815
analysis	1.2357623453126587
analysis	1.2357623453126587
analysis	1.2357623453126587
analysis	1.2357623453126587
software	0.20459698450693337
software	0.20459698450693337
software	0.20459698450693337
followed	0.20101585356879945
test	0.18087885525891434
Results	5.525972474647694
iron	0.7853675631236849
iron	0.7853675631236849
iron	0.7853675631236849
iron	0.7853675631236849
iron	0.7853675631236849
iron	0.3978506734244982
iron	0.3978506734244982
iron	0.3978506734244982
iron	0.3978506734244982
iron	0.3978506734244982
microglia	0.27166963130784905
microglia	0.27166963130784905
ferritin	0.22197308638727153
ferritin	0.22197308638727153
TLE-HS	0.20372395754628503
Online	0.2988495279314757
Online	0.2988495279314757
neurons	0.2887050197493509
resource	0.2887050197493509
neurons	0.2887050197493509
albumin	0.6691122400730357
albumin	0.6691122400730357
iron	0.47994684413114075
iron	0.47994684413114075
iron	0.47994684413114075
lesions	0.26536813525125114
lesions	0.26536813525125114
Online	0.24023645922749595
Online	0.24023645922749595
resource	0.23208158361786535
oxidative	1.528289938413526
Neuronal	0.8226412192788786
elevated	0.6904484097901423
stress	0.664144969206763
stress	0.664144969206763
neurons	0.23358860688811123
neurons	0.23358860688811123
neurons	0.23358860688811123
neurons	0.23358860688811123
neurons	0.23358860688811123
confirms	0.9226412192788787
trafficking	0.9226412192788787
hippocampi	0.6904484097901423
hippocampi	0.6904484097901423
glutathione	0.664144969206763
iron	0.24450122248190187
iron	0.24450122248190187
iron	0.24450122248190187
iron	0.24450122248190187
iron	0.24450122248190187
Postictally	1.5377353654647976
magnetic	1.2044020321314641
susceptibility	1.1069082820112714
epilepsy	0.9840806829835704
epilepsy	0.9840806829835704
susceptibility	0.2991644005435869
zone	0.27536755647090555
seizure-onset	0.27536755647090555
magnetic	0.19530843764294017
temporomesial	0.16624166113132946
iron	0.575936212957369
iron	0.575936212957369
iron	0.575936212957369
iron	0.575936212957369
iron	0.575936212957369
microglia	0.3141918344690776
microglia	0.3141918344690776
post-SE	0.2401559686226582
post-SE	0.2401559686226582
post-SE	0.2401559686226582
phase	0.6353481829376311
phase	0.6353481829376311
phase	0.6353481829376311
phase	0.6353481829376311
higher	0.35032029270724446
Effects	1.025156910309865
epileptiform	0.914045799198754
ferric	0.8029346880876428
overload	0.7671648997668248
overload	0.7671648997668248
iron	0.2762484742382728
iron	0.2762484742382728
iron	0.2762484742382728
iron	0.2762484742382728
iron	0.2762484742382728
respond	0.8387647447989806
resist	0.7478556538898896
overload	0.627680372536493
overload	0.627680372536493
pro-inflammatory	0.583550660975562
GO/FAC	0.2492852179632965
GO/FAC	0.2492852179632965
astrocytes	0.21113210145705902
astrocytes	0.21113210145705902
astrocytes	0.21113210145705902
challenge	0.22503444372655576
challenge	0.22503444372655576
iron	0.21070837059415937
iron	0.21070837059415937
iron	0.21070837059415937
analysed	0.7097240148299067
ega-archive.org	0.7097240148299067
Archive	0.7097240148299067
Genome-phenome	0.7097240148299067
repository	0.6328009379068297
Problem	9.226412192788786
expensive	0.3690564877115514
Thymic	0.3690564877115514
systemically	0.3690564877115514
must	0.3690564877115514
administered	0.3690564877115514
Results	5.525972474647694
iterative	0.1882941263834446
eczema-relevant	0.1882941263834446
abrogates	0.1882941263834446
downregulates	0.1882941263834446
non-proteinic	0.1882941263834446
Impact	9.226412192788786
eczema	0.6367874743389691
options	0.6367874743389691
eczema	0.6367874743389691
expand	0.6022010160657321
report	0.5753736748251186
Introduction	6.419057270731182
skin	0.2144624653041196
skin	0.2144624653041196
skin	0.2144624653041196
barrier	0.19593460748891356
inflammatory	0.1645912120700303
Leyva-Castillo	0.4446709293399344
Leyva-Castillo	0.4446709293399344
later	0.346976068688172
later	0.346976068688172
progressing	0.24936249169699423
cells	0.24860480438684432
cells	0.24860480438684432
cells	0.24860480438684432
receptor	0.2071748806281201
receptor	0.2071748806281201
lfTSLP	0.36182008599171706
isoform	0.36182008599171706
isoform	0.36182008599171706
acids	0.2996646938065737
acids	0.2996646938065737
tezepelumab	0.4613206096394393
Menzies-Gow	0.4613206096394393
therapeutically	0.4613206096394393
fact	0.4113206096394393
severe	0.4113206096394393
topical	0.3613206096394393
topical	0.3613206096394393
application	0.3028243595673237
application	0.3028243595673237
application	0.3028243595673237
screening	0.3205369143220244
screening	0.3205369143220244
screening	0.3205369143220244
virtual	0.21883149786583572
vitro	0.18474058877492663
leveraged	0.20969118619974514
human-like	0.20969118619974514
species-related	0.20969118619974514
avoidance	0.20969118619974514
bioengineered	0.20969118619974514
preventive	0.31815214457892366
safe	0.31815214457892366
developments	0.31815214457892366
opportunity	0.31815214457892366
player	0.31815214457892366
Results	5.525972474647694
Identification	1.9103624230169074
libraries	1.6603624230169074
libraries	1.6603624230169074
chemical	1.3814931186619235
compounds	1.191745143537872
site	0.34282002969885694
site	0.34282002969885694
site	0.34282002969885694
Verstraete	0.32568321216516144
Verstraete	0.32568321216516144
Verstraete	0.29071511991163884
Verstraete	0.29071511991163884
TSLP:TSLPR	0.2597814376670143
TSLP:TSLPR	0.2597814376670143
druggable	0.19424025669029021
hits	0.2611956214261007
pharmacophore	0.2495596661892081
pharmacophore	0.2495596661892081
pharmacophore	0.2495596661892081
virtual	0.23201411821919937
activation	0.35560604852465716
activation	0.35560604852465716
activation	0.35560604852465716
PMA-ionomycin	0.32951472117102804
cytokine	0.21087443206790796
TSLP-triggered	0.20057417810410402
benzene	0.20057417810410402
Fig. 2A–C	0.20057417810410402
subtle	0.20057417810410402
Fig. 1E,F	0.20057417810410402
proposed	0.28832538102464955
TSLP	0.2510599266974897
TSLP	0.2510599266974897
TSLP	0.2510599266974897
TSLP	0.2510599266974897
analogs	0.31403217912606696
analogs	0.31403217912606696
compounds	0.26120441502199937
compounds	0.26120441502199937
compounds	0.26120441502199937
Hit-to-lead	1.8452824385577573
novel	1.2838114541462364
development	1.0639043194360533
development	1.0639043194360533
inhibitors	1.0452824385577573
compounds	0.20029330143493645
compounds	0.20029330143493645
compounds	0.20029330143493645
incorporating	0.15506575113930732
terminal	0.15506575113930732
inhibition	0.42058938828794956
inhibition	0.42058938828794956
inhibition	0.42058938828794956
primary	0.23233433741279622
primary	0.23233433741279622
analogs	0.3820724846033815
analogs	0.3820724846033815
activity	0.1881140094692709
activity	0.1881140094692709
activity	0.1881140094692709
secretion	0.23764932033544983
secretion	0.23764932033544983
secretion	0.23764932033544983
STAT6	0.23332670815473677
STAT6	0.23332670815473677
abolishes	1.025156910309865
broad-spectrum	0.914045799198754
formation	0.7132285856367979
formation	0.7132285856367979
inhibitory	0.6560537886557136
formation	0.4844571525080137
formation	0.4844571525080137
complex	0.3648373411328321
complex	0.3648373411328321
complex	0.3648373411328321
TSLPR	0.7333816267925367
TSLPR	0.7333816267925367
TSLPR	0.7333816267925367
TSLPR	0.7333816267925367
Fig. 5B	0.35486200741495333
kinase	0.3393381665460588
kinase	0.3393381665460588
targets	0.21917152065064313
targets	0.21917152065064313
targets	0.21917152065064313
inhibits	0.8387647447989806
penetrates	0.8387647447989806
skin	0.7603669224418786
skin	0.7603669224418786
skin	0.7603669224418786
absorption	0.47314934321993773
criteria	0.34058716369577585
criteria	0.34058716369577585
criteria	0.34058716369577585
skin	0.3216936979561794
Hönzke	0.2027782899514019
Hönzke	0.2027782899514019
skin	0.18382497026067396
skin	0.18382497026067396
skin	0.18382497026067396
diseases-on-a-chip	0.7097240148299067
human-based	0.5878038224667408
anti-inflammatory	0.5878038224667408
exerts	0.5558778609837528
drug	0.5311141613770326
inter-species-related	0.5766507620492991
difficult	0.5766507620492991
proved	0.5766507620492991
cross-reactivity	0.5766507620492991
extremely	0.5141507620492991
chip	0.26495371033143766
chip	0.26495371033143766
chip	0.26495371033143766
model	0.24044556856286095
model	0.24044556856286095
models	0.17311813419058392
models	0.17311813419058392
models	0.17311813419058392
bronchial	0.17060527299567532
media	0.14984567879381033
markers	0.16003493233897903
markers	0.16003493233897903
skin	0.15115727976254215
skin	0.15115727976254215
skin	0.15115727976254215
pronounced	0.30110050803286603
tacrolimus	0.2285114497996885
models	0.22761828754687885
models	0.22761828754687885
models	0.22761828754687885
diseased	0.4393529615613707
skin	0.3982874355647936
skin	0.3982874355647936
skin	0.3982874355647936
treated	0.26314154641179494
Methods	6.226412192788786
Methods	6.226412192788786
Methods	6.226412192788786
Methods	6.226412192788786
Cell	2.5282435956732368
Cell	2.5282435956732368
culture	2.2912780015070306
culture	2.2912780015070306
CREB	0.22538115596681604
donor	0.22538115596681604
donor	0.22538115596681604
Normal	0.19798389569284344
human	0.19169817743701842
Sigma	0.36680327261321044
Sigma	0.36680327261321044
Sigma	0.36680327261321044
Sigma	0.36680327261321044
STEMCELL	0.2911028454121002
Reagents	3.820724846033815
antibodies	2.883490287075744
antibodies	2.883490287075744
antibodies	2.883490287075744
purchased	0.38421609788821
obtained	0.23702400190832013
obtained	0.23702400190832013
obtained	0.23702400190832013
obtained	0.23702400190832013
silico	1.9103624230169074
library	1.5566030481971964
library	1.5566030481971964
screening	1.4103624230169074
screening	1.4103624230169074
preparation	2.9522420489507115
preparation	2.9522420489507115
Protein	2.762986237323847
Protein	2.762986237323847
crystal	0.5534541410056357
structure	0.2955289776211259
structure	0.2955289776211259
protonation	0.25628922757746625
“Protonate3D”	0.25628922757746625
Verstraete	0.4502924411674841
Verstraete	0.4502924411674841
site	0.39498829508781347
site	0.39498829508781347
site	0.39498829508781347
pharmacophore-based	1.8452824385577573
virtual	1.2838114541462364
preparation	1.1808968195802847
preparation	1.1808968195802847
screening	1.1282899384135259
bonds	0.16087262509616063
bonds	0.16087262509616063
bonds	0.16087262509616063
Wolber	0.15213499353239548
matching	0.15213499353239548
Molecular	3.209528635365591
docking	2.762986237323847
docking	2.762986237323847
docking	2.762986237323847
residues	0.3571284878224874
residues	0.3571284878224874
Halgren	0.31815214457892366
Halgren	0.31815214457892366
Wolber	0.24918662733754432
docking	0.47029552975725053
docking	0.47029552975725053
docking	0.47029552975725053
compounds	0.3042753557969035
compounds	0.3042753557969035
General	3.075470730929595
chemical	1.8419908248825645
methods	1.7421373975962617
methods	1.7421373975962617
methods	1.7421373975962617
Millipore	0.2804458702087086
Millipore	0.2804458702087086
Millipore	0.2804458702087086
Sigma	0.21883149786583572
Sigma	0.21883149786583572
Crystallography	9.226412192788786
crystal	0.40661936890209976
Sheldrick	0.3765882527668892
Sheldrick	0.3765882527668892
APEX	0.1882941263834446
refined	0.1882941263834446
Crystal	4.613206096394393
data	1.328278292228919
data	1.328278292228919
data	1.328278292228919
data	1.328278292228919
m(MoKa) = 0.615	0.8387647447989806
monoclinic	0.8387647447989806
calculations	0.8387647447989806
Rint = 0.0359	0.8387647447989806
reflections	0.8387647447989806
Enzyme-linked	2.3066030481971964
immunosorbent	2.0566030481971964
ELISA	1.7261210244753558
ELISA	1.7261210244753558
ELISA	1.7261210244753558
1 µg/mL	0.3046819330662513
cells/ml	0.3046819330662513
50 ng/mL	0.3046819330662513
cells/ml	0.3046819330662513
TSLP	0.29755250571554337
assay	4.272215882401911
assay	4.272215882401911
assay	4.272215882401911
assay	4.272215882401911
assay	4.272215882401911
cells/ml	0.35767009533864286
cells/ml	0.35767009533864286
cells/well	0.3141918344690776
cells/well	0.3141918344690776
cells/well	0.3141918344690776
Immunoblotting	9.226412192788786
blot	0.18294714412123508
blot	0.18294714412123508
keratinocytes	0.15763068842503256
keratinocytes	0.15763068842503256
antibodies	0.14599950820636678
co-culture	1.6452824385577571
co-culture	1.6452824385577571
Dendritic	1.528289938413526
activation	0.9956969358690402
activation	0.9956969358690402
dendritic	0.23617936391605693
PBMCs	0.17117486055283154
PBMCs	0.17117486055283154
myeloid	0.16603765847436763
cells	0.15115172106720137
co-cultured	0.40114835620820805
mDCs	0.35767009533864286
mDCs	0.35767009533864286
naive	0.35767009533864286
2 × 104/well	0.20057417810410402
Proximity	2.5471498973558764
ligation	2.4088040642629283
assay	1.424071960800637
assay	1.424071960800637
assay	1.424071960800637
fluorescence	0.1927043251410343
protocol	0.1504386584551368
protocol	0.1504386584551368
according	0.12711948197737302
Anti-Mouse	0.12301882923718381
thermal	1.9103624230169074
shift	1.8066030481971964
vitro	1.3547643176827955
vitro	1.3547643176827955
assay	1.0680539706004777
TSLPR	0.36669081339626836
TSLPR	0.36669081339626836
TSLPR	0.36669081339626836
TSLPR	0.36669081339626836
protein	0.2691147490942759
Kinase	2.5471498973558764
screening	1.8804832306892099
screening	1.8804832306892099
screening	1.8804832306892099
panel	1.7731738657267555
KinomeScan	0.5427301289875757
Values	0.5427301289875757
Fig. 4C	0.5427301289875757
radioligand	0.4839065995758109
displacement	0.4839065995758109
Generation	2.5471498973558764
epithelial	1.6854957304488245
models	1.365709725281273
models	1.365709725281273
models	1.365709725281273
collagen	0.18911292397215598
medium	0.180221110096165
medium	0.180221110096165
medium	0.180221110096165
humidity	0.17566551016247425
STEMCELL	0.27956523263662064
STEMCELL	0.27956523263662064
medium	0.2549469362335993
medium	0.2549469362335993
medium	0.2549469362335993
permeation	2.5471498973558764
Skin	2.4088040642629283
testing	1.8804832306892099
testing	1.8804832306892099
Franz	0.3154328954799585
Infinity	0.28124486129192433
Canada	0.15771644773997925
Ontario	0.15771644773997925
SCIEX	0.15771644773997925
solvent	0.35148236924909665
collision	0.2636117769368225
source	0.23719665496338233
source	0.23719665496338233
source	0.23719665496338233
immunocompetent	1.1752017418269693
Generation	1.0916356702953756
activated	0.8894874561126836
supplemented	0.8238543677359269
skin	0.5974311533471903
models	0.28751783690132066
models	0.28751783690132066
models	0.28751783690132066
activated	0.21847060325574685
treated	0.19389377104026995
Cytokine	3.075470730929595
array	2.075470730929595
array	2.075470730929595
assay	1.424071960800637
assay	1.424071960800637
multiplex	0.25628922757746625
TNF-α	0.25628922757746625
Cytokines	0.25628922757746625
MESO	0.25628922757746625
enzyme-linked	0.25628922757746625
Organ-on-chip-based	1.3180588846841121
co-cultivation	1.0916356702953756
bronchial	0.865212455906639
epithelial	0.7223553130494962
disease	0.6312938958187403
HUMIMIC	0.27748608098612887
medium	0.27507432593625186
medium	0.27507432593625186
medium	0.27507432593625186
chip	0.23407564634544306
staining	6.0564871913464735
staining	6.0564871913464735
staining	6.0564871913464735
staining	0.5047072659455394
staining	0.5047072659455394
staining	0.5047072659455394
Thermo	0.480581714512624
Thermo	0.480581714512624
Immunofluorescence	4.113206096394393
assay	2.1361079412009554
assay	2.1361079412009554
assay	2.1361079412009554
assay	2.1361079412009554
Tween	0.6150941461859191
sections	0.41509414618591906
sections	0.41509414618591906
sections	0.41509414618591906
room	0.3936322731934282
glucose	3.0282435956732368
assay	2.1361079412009554
assay	2.1361079412009554
assay	2.1361079412009554
assay	2.1361079412009554
instructions	0.40170401243798615
instructions	0.40170401243798615
instructions	0.40170401243798615
glucose	0.3907411091191273
medium	0.3371878834057281
Real-time	1.5377353654647976
polymerase	1.2735749486779382
qPCR	1.1507473496502372
chain	1.1507473496502372
reaction	1.1507473496502372
Primer	0.29290197437424714
cDNA	0.21918997136194993
cDNA	0.21918997136194993
sequences	0.21083967276405172
sequences	0.21083967276405172
processing	2.139685756910394
processing	2.139685756910394
RNA-Seq	1.8804832306892099
RNA-Seq	1.8804832306892099
RNA-Seq	1.8804832306892099
counts	0.5677956741887319
fewer	0.4516507620492991
fewer	0.4516507620492991
MultiQC	0.28832538102464955
Read	0.28832538102464955
package	0.4875858065865612
package	0.4875858065865612
package	0.4875858065865612
package	0.4875858065865612
testing	0.33184998188633114
Statistical	3.320724846033815
analysis	1.2357623453126587
analysis	1.2357623453126587
analysis	1.2357623453126587
analysis	1.2357623453126587
error	0.23657467160996887
replicates	0.23657467160996887
Student’s	0.23657467160996887
cells/tissue	0.23657467160996887
figures	0.23657467160996887
information	2.6597607985901335
information	2.6597607985901335
information	2.6597607985901335
information	2.6597607985901335
Supplementary	1.835911670555574
Expanded	4.613206096394393
view	4.113206096394393
view	4.113206096394393
https://www.ncbi.nlm.nih.gov/geo/query/acc.cgi?acc=GSE264457	0.8387647447989806
deposited	0.7478556538898896
public	0.7478556538898896
accessed	0.6569465629807987
accessed	0.6569465629807987
Background	9.226412192788786
ACDMPV	0.29552897762112595
ACDMPV	0.29552897762112595
ACDMPV	0.29552897762112595
ACDMPV	0.29552897762112595
pulmonary	0.2742137397596262
FOXF1	0.5311141613770326
FOXF1	0.5311141613770326
FOXF1	0.5311141613770326
FOXF1	0.5311141613770326
lungs	0.2779389304918764
FOXF1	0.609219185108949
FOXF1	0.609219185108949
FOXF1	0.609219185108949
FOXF1	0.609219185108949
FENDRR	0.5860102669471438
ACDMPV	0.3940386368281679
ACDMPV	0.3940386368281679
ACDMPV	0.3940386368281679
ACDMPV	0.3940386368281679
transcriptomes	0.26764489602921426
Methods	6.226412192788786
Methods	6.226412192788786
Methods	6.226412192788786
Methods	6.226412192788786
Patients	3.613206096394393
samples	1.696761089312022
samples	1.696761089312022
samples	1.696761089312022
samples	1.696761089312022
Additional	0.2580503462252944
Additional	0.2580503462252944
file	0.24471187388278315
lung	0.22394524936817964
histopathologically	0.21967648078068536
ATCC	0.7606749676619774
ATCC	0.7606749676619774
ATCC	0.7606749676619774
ATCC	0.7606749676619774
fetal	0.6070505867527882
extraction	8.226412192788786
extraction	8.226412192788786
Qiagen	0.6560537886557137
Qiagen	0.6560537886557137
Qiagen	0.6560537886557137
Qiagen	0.6560537886557137
Qiagen	0.6560537886557137
Genomic	3.820724846033815
analyses	2.091009036715166
analyses	2.091009036715166
analyses	2.091009036715166
Sanger	0.3739278269449448
array	0.2830187360358539
array	0.2830187360358539
genomic	0.2621354806432495
sequencing	0.21097498600307407
FOXF1	0.6472953841782584
FOXF1	0.6472953841782584
FOXF1	0.6472953841782584
FOXF1	0.6472953841782584
group	0.3889441155738438
knockout	1.7261210244753558
knockout	1.7261210244753558
FENDRR	1.6603624230169074
FENDRR	1.6603624230169074
fibroblasts	1.2085236925025065
region	0.19016874191549435
GFP-positive	0.16186688057524184
sgRNA	0.16186688057524184
Sorting	0.16186688057524184
sgRNA	0.16186688057524184
profiling	1.5566030481971964
transcriptome	1.3298803992950667
transcriptome	1.3298803992950667
RNA-seq	1.191745143537872
RNA-seq	1.191745143537872
FENDRR	0.40661936890209976
FENDRR	0.40661936890209976
lung	0.2879296063305167
interference	0.1882941263834446
ACDMPV-affected	0.1882941263834446
reads	0.2790474471363623
reads	0.2790474471363623
DESeq2	0.26536813525125114
uniquely	0.26536813525125114
mapped	0.26221244858376686
Pathway	0.8894874561126836
Pathway	0.8894874561126836
over-representation	0.8434977282716318
differentially	0.646567496378242
across	0.6240615996658877
ConsensusPathDB	0.2636117769368224
http://ConsensusPathDB.org	0.2636117769368224
accessible	0.2636117769368224
http://www.gsea-msigdb.org/gsea/msigdb/index.jsp	0.2636117769368224
clusterProfiler	0.2636117769368224
Validation	0.914045799198754
targeted	0.7132285856367979
NanoString	0.6560537886557136
NanoString	0.6560537886557136
RNA-Seq	0.6268277435630699
NanoString	0.4217488641358159
NanoString	0.4217488641358159
RNA-seq	0.2723988899515136
RNA-seq	0.2723988899515136
RNA-seq	0.2723988899515136
Comparison	1.7261210244753558
microarray	1.6603624230169074
RNA-seq	1.191745143537872
RNA-seq	1.191745143537872
RNA-seq	1.191745143537872
p-value < 0.01	0.38262382292040864
p-value < 0.01	0.38262382292040864
ACDMPV	0.3711294137567628
ACDMPV	0.3711294137567628
ACDMPV	0.3711294137567628
Results	5.525972474647694
Perturbations	3.075470730929595
transcriptomes	2.4088040642629283
ACDMPV	1.7731738657267555
ACDMPV	1.7731738657267555
ACDMPV	1.7731738657267555
Group	0.6475804823786127
Group	0.6475804823786127
million	0.6124078129482021
group	0.3375243850403526
group	0.3375243850403526
FOXF1	0.8630605122376779
FOXF1	0.8630605122376779
FOXF1	0.8630605122376779
FOXF1	0.8630605122376779
group	0.6223105849181501
pulmonary	0.32905648771155144
involved	0.20555797406153786
lung	0.1881140094692709
patterning	0.1845282438557757
TMEM100	0.1845282438557757
Pathway	0.6918235769765317
Pathway	0.6918235769765317
over-representation	0.6560537886557136
ACDMPV	0.5910579552422518
ACDMPV	0.5910579552422518
Over-representation	0.3427671746995327
transcripts	0.2876868374125593
transcripts	0.2876868374125593
protein-coding	0.2876868374125593
linked	0.27672707050281786
signaling	0.5333011098910929
signaling	0.5333011098910929
signaling	0.5333011098910929
signaling	0.5333011098910929
MAPK	0.3385839336803224
Group	1.2545663673543868
Group	1.2545663673543868
GTPase	0.24556454306832196
Groups	0.21571379679966524
Groups	0.21571379679966524
Additional	0.6252758389305211
Additional	0.6252758389305211
file	0.5929556944082823
R-HSA-373755	0.35486200741495333
non-ACDMPV	0.35486200741495333
Deregulation	1.6452824385577571
FENDRR-depleted	1.528289938413526
fibroblasts	0.9668189540020052
fibroblasts	0.9668189540020052
fibroblasts	0.9668189540020052
knockdown	0.2949555997056647
knockdown	0.2949555997056647
knockout	0.2818156774653642
knockout	0.2818156774653642
FENDRR	0.2710795792680665
Validation	1.6452824385577571
NanoString	1.1808968195802847
NanoString	1.1808968195802847
RNA-Seq	1.1282899384135259
RNA-Seq	1.1282899384135259
sets	0.47012080767230247
sets	0.47012080767230247
sets	0.47012080767230247
strong	0.4515881058942651
Additional	0.4515881058942651
microarray-based	1.5377353654647976
Comparison	1.1507473496502372
RNA-seq	0.7944967623585814
RNA-seq	0.7944967623585814
RNA-seq	0.7944967623585814
microarray	0.4743892637191164
deregulated	0.4326062279533195
partial	0.32951472117102804
found	0.27889172127867307
found	0.27889172127867307
Availability	3.075470730929595
materials	2.5471498973558764
materials	2.5471498973558764
data	0.8855188614859459
data	0.8855188614859459
reasonable	0.7478556538898896
request	0.6569465629807987
request	0.6569465629807987
current	0.6569465629807987
author	0.627680372536493
Declarations	9.226412192788786
participate	2.0566030481971964
Ethics	1.8066030481971964
approval	1.7261210244753558
approval	1.7261210244753558
consent	1.5566030481971964
compliance	0.40114835620820805
participated	0.40114835620820805
Baylor	0.35767009533864286
College	0.35767009533864286
Subject	0.35767009533864286
Consent	4.613206096394393
publication	4.113206096394393
publication	4.113206096394393
parents	1.5377353654647976
Written	1.3710686987981309
consent	1.0377353654647976
consent	1.0377353654647976
research	0.9402416153446049
Introduction	6.419057270731182
diabetic	0.2681353047728708
kidney	0.23960423862491606
incidence	0.1791536348114327
rate	0.17640253955378077
rate	0.17640253955378077
cicadae	0.491959236449454
cicadae	0.491959236449454
cicadae	0.491959236449454
cordyceps	0.43046433189327227
renal	0.25628922757746625
pharmacology	0.5365051430079643
pharmacology	0.5365051430079643
Network	0.4502924411674841
drug	0.4502924411674841
medicine	0.35767009533864286
pharmacology	0.5484274795192524
pharmacology	0.5484274795192524
aimed	0.5094299794711753
exploring	0.5094299794711753
workflow	0.46029893986009485
Materials	3.4522420489507115
Methods	3.113206096394393
Methods	3.113206096394393
Methods	3.113206096394393
Methods	3.113206096394393
Components	3.075470730929595
Candidate	2.5471498973558764
Identification	2.5471498973558764
components	0.3284277133776474
components	0.3284277133776474
active	0.3223952483139556
“Cordyceps	0.27958824826632683
sinensis”	0.27958824826632683
Active	1.6452824385577571
Candidate	1.528289938413526
Prediction	1.3808968195802847
Targets	1.3808968195802847
Compounds	1.3808968195802847
database	1.42813836679004
database	1.42813836679004
database	1.42813836679004
aspects	0.7097240148299067
PubChem	0.7097240148299067
Nephropathy	2.3066030481971964
Diabetic	2.0566030481971964
Prediction	1.7261210244753558
Targets	1.7261210244753558
nephropathy”	0.7688676827323988
“diabetic	0.7688676827323988
http://ctdbase.org/about	0.7688676827323988
keywords	0.6855343493990654
keywords	0.6855343493990654
Construction	3.820724846033815
Network	3.4522420489507115
targets	0.5017874288580514
targets	0.5017874288580514
targets	0.5017874288580514
constructed	0.48560064172572553
analyze	0.36339389988954857
Construction	1.9103624230169074
Protein-Protein	1.9103624230169074
Interaction	1.7261210244753558
Network	1.7261210244753558
intersection	0.5210079335500656
nephropathy	0.32847328149039934
nephropathy	0.32847328149039934
diabetic	0.3138401862682465
imported	0.301884076912165
Targets	1.7261210244753558
KEGG	1.5566030481971964
KEGG	1.5566030481971964
Enrichment	1.5141217978366184
Analysis	1.3066030481971964
targets	0.3972483811792907
targets	0.3972483811792907
targets	0.3972483811792907
pathway	0.3522010160657321
pathway	0.3522010160657321
Proteins	1.3180588846841121
Target	1.3180588846841121
Myriocin	1.3180588846841121
Modes	1.3180588846841121
Candidate	1.0916356702953756
Prepare	0.28388960593196266
protocol	0.26037460117235217
protocol	0.26037460117235217
myriocin	0.2351215289866963
code	0.18635345204142997
Results	5.525972474647694
Bioactive	1.8452824385577573
Cicadae	1.6452824385577571
Screening	1.6452824385577571
Cordyceps	1.528289938413526
Compounds	1.3808968195802847
compounds	0.7944967623585814
compounds	0.7944967623585814
compounds	0.7944967623585814
cordyceps	0.664144969206763
found	0.5205978797201898
Active	1.1752017418269693
Cicadae	1.1752017418269693
Cordyceps	1.0916356702953756
Construction	1.0916356702953756
Network	0.9863548711287746
targets	0.49939796491110827
targets	0.49939796491110827
targets	0.49939796491110827
cordyceps	0.4427633128045087
compounds	0.3177987049434326
Target-DN	4.613206096394393
Network	3.4522420489507115
targets	0.47669805741514887
targets	0.47669805741514887
targets	0.47669805741514887
degree	0.2567622908292473
obtained	0.24582775055062914
KEGG	2.075470730929595
KEGG	2.075470730929595
Enrichment	2.0188290637821575
Analysis	1.7421373975962617
pathway	0.3997957479665068
pathway	0.3997957479665068
pathway	0.3997957479665068
enrichment	0.31369136660843533
enrichment	0.31369136660843533
Docking	3.820724846033815
Molecular	3.209528635365591
myriocin	0.7277571135302504
length	0.5768083039377594
length	0.5768083039377594
length	0.5768083039377594
length	0.5768083039377594
request	0.7226412192788786
request	0.7226412192788786
author	0.6904484097901423
author	0.6904484097901423
support	0.664144969206763
